Date,Equity,DrawdownPct,DrawdownDuration
2021-07-01 09:15:00,10000.0,0.0,
2021-07-01 09:20:00,10000.0,0.0,
2021-07-01 09:25:00,10000.0,0.0,
2021-07-01 09:30:00,10000.0,0.0,
2021-07-01 09:35:00,10000.0,0.0,
2021-07-01 09:40:00,10000.0,0.0,
2021-07-01 09:45:00,10000.0,0.0,
2021-07-01 09:50:00,10000.0,0.0,
2021-07-01 09:55:00,10000.0,0.0,
2021-07-01 10:00:00,10000.0,0.0,
2021-07-01 10:05:00,10000.0,0.0,
2021-07-01 10:10:00,10000.0,0.0,
2021-07-01 10:15:00,10000.0,0.0,
2021-07-01 10:20:00,10000.0,0.0,
2021-07-01 10:25:00,10000.0,0.0,
2021-07-01 10:30:00,10000.0,0.0,
2021-07-01 10:35:00,10000.0,0.0,
2021-07-01 10:40:00,10000.0,0.0,
2021-07-01 10:45:00,10000.0,0.0,
2021-07-01 10:50:00,10000.0,0.0,
2021-07-01 10:55:00,10000.0,0.0,
2021-07-01 11:00:00,10000.0,0.0,
2021-07-01 11:05:00,10000.0,0.0,
2021-07-01 11:10:00,10000.0,0.0,
2021-07-01 11:15:00,10000.0,0.0,
2021-07-01 11:20:00,10000.0,0.0,
2021-07-01 11:25:00,10000.0,0.0,
2021-07-01 11:30:00,10000.0,0.0,
2021-07-01 11:35:00,10000.0,0.0,
2021-07-01 11:40:00,10000.0,0.0,
2021-07-01 11:45:00,10000.0,0.0,
2021-07-01 11:50:00,10000.0,0.0,
2021-07-01 11:55:00,10000.0,0.0,
2021-07-01 12:00:00,10000.0,0.0,
2021-07-01 12:05:00,10000.0,0.0,
2021-07-01 12:10:00,10000.0,0.0,
2021-07-01 12:15:00,10000.0,0.0,
2021-07-01 12:20:00,10000.0,0.0,
2021-07-01 12:25:00,10000.0,0.0,
2021-07-01 12:30:00,10000.0,0.0,
2021-07-01 12:35:00,10000.0,0.0,
2021-07-01 12:40:00,10000.0,0.0,
2021-07-01 12:45:00,10000.0,0.0,
2021-07-01 12:50:00,10000.0,0.0,
2021-07-01 12:55:00,10000.0,0.0,
2021-07-01 13:00:00,10000.0,0.0,
2021-07-01 13:05:00,10000.0,0.0,
2021-07-01 13:10:00,10000.0,0.0,
2021-07-01 13:15:00,10000.0,0.0,
2021-07-01 13:20:00,10000.0,0.0,
2021-07-01 13:25:00,10000.0,0.0,
2021-07-01 13:30:00,10000.0,0.0,
2021-07-01 13:35:00,10000.0,0.0,
2021-07-01 13:40:00,10000.0,0.0,
2021-07-01 13:45:00,10000.0,0.0,
2021-07-01 13:50:00,10000.0,0.0,
2021-07-01 13:55:00,10000.0,0.0,
2021-07-01 14:00:00,10000.0,0.0,
2021-07-01 14:05:00,10000.0,0.0,
2021-07-01 14:10:00,10000.0,0.0,
2021-07-01 14:15:00,10000.0,0.0,
2021-07-01 14:20:00,10000.0,0.0,
2021-07-01 14:25:00,10000.0,0.0,
2021-07-01 14:30:00,10000.0,0.0,
2021-07-01 14:35:00,10000.0,0.0,
2021-07-01 14:40:00,10000.0,0.0,
2021-07-01 14:45:00,10000.0,0.0,
2021-07-01 14:50:00,10000.0,0.0,
2021-07-01 14:55:00,10000.0,0.0,
2021-07-01 15:00:00,10000.0,0.0,
2021-07-01 15:05:00,10000.0,0.0,
2021-07-01 15:10:00,10000.0,0.0,
2021-07-01 15:15:00,10000.0,0.0,
2021-07-01 15:20:00,10000.0,0.0,
2021-07-01 15:25:00,10000.0,0.0,
2021-07-02 09:15:00,10000.0,0.0,
2021-07-02 09:20:00,10000.0,0.0,
2021-07-02 09:25:00,10000.0,0.0,
2021-07-02 09:30:00,10000.0,0.0,
2021-07-02 09:35:00,10000.0,0.0,
2021-07-02 09:40:00,10000.0,0.0,
2021-07-02 09:45:00,10000.0,0.0,
2021-07-02 09:50:00,10000.0,0.0,
2021-07-02 09:55:00,10000.0,0.0,
2021-07-02 10:00:00,10000.0,0.0,
2021-07-02 10:05:00,10000.0,0.0,
2021-07-02 10:10:00,10000.0,0.0,
2021-07-02 10:15:00,10000.0,0.0,
2021-07-02 10:20:00,10000.0,0.0,
2021-07-02 10:25:00,10000.0,0.0,
2021-07-02 10:30:00,10000.0,0.0,
2021-07-02 10:35:00,10000.0,0.0,
2021-07-02 10:40:00,10000.0,0.0,
2021-07-02 10:45:00,10000.0,0.0,
2021-07-02 10:50:00,10000.0,0.0,
2021-07-02 10:55:00,10000.0,0.0,
2021-07-02 11:00:00,10000.0,0.0,
2021-07-02 11:05:00,10000.0,0.0,
2021-07-02 11:10:00,10000.0,0.0,
2021-07-02 11:15:00,10000.0,0.0,
2021-07-02 11:20:00,10000.0,0.0,
2021-07-02 11:25:00,10000.0,0.0,
2021-07-02 11:30:00,10000.0,0.0,
2021-07-02 11:35:00,10000.0,0.0,
2021-07-02 11:40:00,10000.0,0.0,
2021-07-02 11:45:00,10000.0,0.0,
2021-07-02 11:50:00,10000.0,0.0,
2021-07-02 11:55:00,10000.0,0.0,
2021-07-02 12:00:00,10000.0,0.0,
2021-07-02 12:05:00,10000.0,0.0,
2021-07-02 12:10:00,10000.0,0.0,
2021-07-02 12:15:00,10000.0,0.0,
2021-07-02 12:20:00,10000.0,0.0,
2021-07-02 12:25:00,10000.0,0.0,
2021-07-02 12:30:00,10000.0,0.0,
2021-07-02 12:35:00,10000.0,0.0,
2021-07-02 12:40:00,10000.0,0.0,
2021-07-02 12:45:00,10000.0,0.0,
2021-07-02 12:50:00,10000.0,0.0,
2021-07-02 12:55:00,10000.0,0.0,
2021-07-02 13:00:00,10000.0,0.0,
2021-07-02 13:05:00,10000.0,0.0,
2021-07-02 13:10:00,10000.0,0.0,
2021-07-02 13:15:00,10000.0,0.0,
2021-07-02 13:20:00,10000.0,0.0,
2021-07-02 13:25:00,10000.0,0.0,
2021-07-02 13:30:00,10000.0,0.0,
2021-07-02 13:35:00,10000.0,0.0,
2021-07-02 13:40:00,10000.0,0.0,
2021-07-02 13:45:00,10000.0,0.0,
2021-07-02 13:50:00,10000.0,0.0,
2021-07-02 13:55:00,10000.0,0.0,
2021-07-02 14:00:00,10000.0,0.0,
2021-07-02 14:05:00,10000.0,0.0,
2021-07-02 14:10:00,10000.0,0.0,
2021-07-02 14:15:00,10000.0,0.0,
2021-07-02 14:20:00,10000.0,0.0,
2021-07-02 14:25:00,10000.0,0.0,
2021-07-02 14:30:00,10000.0,0.0,
2021-07-02 14:35:00,10000.0,0.0,
2021-07-02 14:40:00,10000.0,0.0,
2021-07-02 14:45:00,10000.0,0.0,
2021-07-02 14:50:00,10000.0,0.0,
2021-07-02 14:55:00,10000.0,0.0,
2021-07-02 15:00:00,10000.0,0.0,
2021-07-02 15:05:00,10000.0,0.0,
2021-07-02 15:10:00,10000.0,0.0,
2021-07-02 15:15:00,10000.0,0.0,
2021-07-02 15:20:00,10000.0,0.0,
2021-07-02 15:25:00,10000.0,0.0,
2021-07-05 09:15:00,10000.0,0.0,
2021-07-05 09:20:00,10000.0,0.0,
2021-07-05 09:25:00,10000.0,0.0,
2021-07-05 09:30:00,10000.0,0.0,
2021-07-05 09:35:00,10000.0,0.0,
2021-07-05 09:40:00,10000.0,0.0,
2021-07-05 09:45:00,10000.0,0.0,
2021-07-05 09:50:00,10000.0,0.0,
2021-07-05 09:55:00,10000.0,0.0,
2021-07-05 10:00:00,10000.0,0.0,
2021-07-05 10:05:00,10000.0,0.0,
2021-07-05 10:10:00,10000.0,0.0,
2021-07-05 10:15:00,10000.0,0.0,
2021-07-05 10:20:00,10000.0,0.0,
2021-07-05 10:25:00,10000.0,0.0,
2021-07-05 10:30:00,10000.0,0.0,
2021-07-05 10:35:00,10000.0,0.0,
2021-07-05 10:40:00,10000.0,0.0,
2021-07-05 10:45:00,10000.0,0.0,
2021-07-05 10:50:00,10000.0,0.0,
2021-07-05 10:55:00,10000.0,0.0,
2021-07-05 11:00:00,10000.0,0.0,
2021-07-05 11:05:00,10000.0,0.0,
2021-07-05 11:10:00,10000.0,0.0,
2021-07-05 11:15:00,10000.0,0.0,
2021-07-05 11:20:00,10000.0,0.0,
2021-07-05 11:25:00,10000.0,0.0,
2021-07-05 11:30:00,10000.0,0.0,
2021-07-05 11:35:00,10000.0,0.0,
2021-07-05 11:40:00,10000.0,0.0,
2021-07-05 11:45:00,10000.0,0.0,
2021-07-05 11:50:00,10000.0,0.0,
2021-07-05 11:55:00,10000.0,0.0,
2021-07-05 12:00:00,10000.0,0.0,
2021-07-05 12:05:00,10000.0,0.0,
2021-07-05 12:10:00,10000.0,0.0,
2021-07-05 12:15:00,10000.0,0.0,
2021-07-05 12:20:00,10000.0,0.0,
2021-07-05 12:25:00,10000.0,0.0,
2021-07-05 12:30:00,10000.0,0.0,
2021-07-05 12:35:00,10000.0,0.0,
2021-07-05 12:40:00,10000.0,0.0,
2021-07-05 12:45:00,10000.0,0.0,
2021-07-05 12:50:00,10000.0,0.0,
2021-07-05 12:55:00,10000.0,0.0,
2021-07-05 13:00:00,10000.0,0.0,
2021-07-05 13:05:00,10000.0,0.0,
2021-07-05 13:10:00,10000.0,0.0,
2021-07-05 13:15:00,10000.0,0.0,
2021-07-05 13:20:00,10000.0,0.0,
2021-07-05 13:25:00,10000.0,0.0,
2021-07-05 13:30:00,10000.0,0.0,
2021-07-05 13:35:00,10000.0,0.0,
2021-07-05 13:40:00,10000.0,0.0,
2021-07-05 13:45:00,10000.0,0.0,
2021-07-05 13:50:00,10000.0,0.0,
2021-07-05 13:55:00,10000.0,0.0,
2021-07-05 14:00:00,10000.0,0.0,
2021-07-05 14:05:00,10000.0,0.0,
2021-07-05 14:10:00,10000.0,0.0,
2021-07-05 14:15:00,10000.0,0.0,
2021-07-05 14:20:00,10000.0,0.0,
2021-07-05 14:25:00,10000.0,0.0,
2021-07-05 14:30:00,10000.0,0.0,
2021-07-05 14:35:00,10000.0,0.0,
2021-07-05 14:40:00,10000.0,0.0,
2021-07-05 14:45:00,10000.0,0.0,
2021-07-05 14:50:00,10000.0,0.0,
2021-07-05 14:55:00,10000.0,0.0,
2021-07-05 15:00:00,10000.0,0.0,
2021-07-05 15:05:00,10000.0,0.0,
2021-07-05 15:10:00,10000.0,0.0,
2021-07-05 15:15:00,10000.0,0.0,
2021-07-05 15:20:00,10000.0,0.0,
2021-07-05 15:25:00,10000.0,0.0,
2021-07-06 09:15:00,10000.0,0.0,
2021-07-06 09:20:00,9985.079165208763,0.0014920834791237736,
2021-07-06 09:25:00,9985.079165208763,0.0014920834791237736,
2021-07-06 09:30:00,9985.079165208763,0.0014920834791237736,
2021-07-06 09:35:00,9985.079165208763,0.0014920834791237736,
2021-07-06 09:40:00,9985.079165208763,0.0014920834791237736,
2021-07-06 09:45:00,9985.079165208763,0.0014920834791237736,
2021-07-06 09:50:00,9985.079165208763,0.0014920834791237736,
2021-07-06 09:55:00,9985.079165208763,0.0014920834791237736,
2021-07-06 10:00:00,9985.079165208763,0.0014920834791237736,
2021-07-06 10:05:00,9985.079165208763,0.0014920834791237736,
2021-07-06 10:10:00,9985.079165208763,0.0014920834791237736,
2021-07-06 10:15:00,9985.079165208763,0.0014920834791237736,
2021-07-06 10:20:00,9985.079165208763,0.0014920834791237736,
2021-07-06 10:25:00,9985.079165208763,0.0014920834791237736,
2021-07-06 10:30:00,9985.079165208763,0.0014920834791237736,
2021-07-06 10:35:00,9985.079165208763,0.0014920834791237736,
2021-07-06 10:40:00,9985.079165208763,0.0014920834791237736,
2021-07-06 10:45:00,9985.079165208763,0.0014920834791237736,
2021-07-06 10:50:00,9985.079165208763,0.0014920834791237736,
2021-07-06 10:55:00,9985.079165208763,0.0014920834791237736,
2021-07-06 11:00:00,9985.079165208763,0.0014920834791237736,
2021-07-06 11:05:00,9985.079165208763,0.0014920834791237736,
2021-07-06 11:10:00,9985.079165208763,0.0014920834791237736,
2021-07-06 11:15:00,9985.079165208763,0.0014920834791237736,
2021-07-06 11:20:00,9985.079165208763,0.0014920834791237736,
2021-07-06 11:25:00,9985.079165208763,0.0014920834791237736,
2021-07-06 11:30:00,9985.079165208763,0.0014920834791237736,
2021-07-06 11:35:00,9985.079165208763,0.0014920834791237736,
2021-07-06 11:40:00,9985.079165208763,0.0014920834791237736,
2021-07-06 11:45:00,9985.079165208763,0.0014920834791237736,
2021-07-06 11:50:00,9985.079165208763,0.0014920834791237736,
2021-07-06 11:55:00,9985.079165208763,0.0014920834791237736,
2021-07-06 12:00:00,9985.079165208763,0.0014920834791237736,
2021-07-06 12:05:00,9985.079165208763,0.0014920834791237736,
2021-07-06 12:10:00,9985.079165208763,0.0014920834791237736,
2021-07-06 12:15:00,9985.079165208763,0.0014920834791237736,
2021-07-06 12:20:00,9985.079165208763,0.0014920834791237736,
2021-07-06 12:25:00,9985.079165208763,0.0014920834791237736,
2021-07-06 12:30:00,9985.079165208763,0.0014920834791237736,
2021-07-06 12:35:00,9985.079165208763,0.0014920834791237736,
2021-07-06 12:40:00,9985.079165208763,0.0014920834791237736,
2021-07-06 12:45:00,9985.079165208763,0.0014920834791237736,
2021-07-06 12:50:00,9985.079165208763,0.0014920834791237736,
2021-07-06 12:55:00,9985.079165208763,0.0014920834791237736,
2021-07-06 13:00:00,9985.079165208763,0.0014920834791237736,
2021-07-06 13:05:00,9985.079165208763,0.0014920834791237736,
2021-07-06 13:10:00,9985.079165208763,0.0014920834791237736,
2021-07-06 13:15:00,9985.079165208763,0.0014920834791237736,
2021-07-06 13:20:00,9985.079165208763,0.0014920834791237736,
2021-07-06 13:25:00,9985.079165208763,0.0014920834791237736,
2021-07-06 13:30:00,9985.079165208763,0.0014920834791237736,
2021-07-06 13:35:00,9985.079165208763,0.0014920834791237736,
2021-07-06 13:40:00,9985.079165208763,0.0014920834791237736,
2021-07-06 13:45:00,9985.079165208763,0.0014920834791237736,
2021-07-06 13:50:00,9985.079165208763,0.0014920834791237736,
2021-07-06 13:55:00,9985.079165208763,0.0014920834791237736,
2021-07-06 14:00:00,9985.079165208763,0.0014920834791237736,
2021-07-06 14:05:00,9985.079165208763,0.0014920834791237736,
2021-07-06 14:10:00,9985.079165208763,0.0014920834791237736,
2021-07-06 14:15:00,9985.079165208763,0.0014920834791237736,
2021-07-06 14:20:00,9985.079165208763,0.0014920834791237736,
2021-07-06 14:25:00,9985.079165208763,0.0014920834791237736,
2021-07-06 14:30:00,9985.079165208763,0.0014920834791237736,
2021-07-06 14:35:00,9985.079165208763,0.0014920834791237736,
2021-07-06 14:40:00,9985.079165208763,0.0014920834791237736,
2021-07-06 14:45:00,9985.079165208763,0.0014920834791237736,
2021-07-06 14:50:00,9985.079165208763,0.0014920834791237736,
2021-07-06 14:55:00,9985.079165208763,0.0014920834791237736,
2021-07-06 15:00:00,9985.079165208763,0.0014920834791237736,
2021-07-06 15:05:00,9985.079165208763,0.0014920834791237736,
2021-07-06 15:10:00,9985.079165208763,0.0014920834791237736,
2021-07-06 15:15:00,9985.079165208763,0.0014920834791237736,
2021-07-06 15:20:00,9985.079165208763,0.0014920834791237736,
2021-07-06 15:25:00,9985.079165208763,0.0014920834791237736,
2021-07-07 09:15:00,9985.079165208763,0.0014920834791237736,
2021-07-07 09:20:00,9985.079165208763,0.0014920834791237736,
2021-07-07 09:25:00,9985.079165208763,0.0014920834791237736,
2021-07-07 09:30:00,9985.079165208763,0.0014920834791237736,
2021-07-07 09:35:00,9985.079165208763,0.0014920834791237736,
2021-07-07 09:40:00,9985.079165208763,0.0014920834791237736,
2021-07-07 09:45:00,9985.079165208763,0.0014920834791237736,
2021-07-07 09:50:00,9985.079165208763,0.0014920834791237736,
2021-07-07 09:55:00,9985.079165208763,0.0014920834791237736,
2021-07-07 10:00:00,9985.079165208763,0.0014920834791237736,
2021-07-07 10:05:00,9985.079165208763,0.0014920834791237736,
2021-07-07 10:10:00,9985.079165208763,0.0014920834791237736,
2021-07-07 10:15:00,9985.079165208763,0.0014920834791237736,
2021-07-07 10:20:00,9985.079165208763,0.0014920834791237736,
2021-07-07 10:25:00,9985.079165208763,0.0014920834791237736,
2021-07-07 10:30:00,9985.079165208763,0.0014920834791237736,
2021-07-07 10:35:00,9985.079165208763,0.0014920834791237736,
2021-07-07 10:40:00,9985.079165208763,0.0014920834791237736,
2021-07-07 10:45:00,9985.079165208763,0.0014920834791237736,
2021-07-07 10:50:00,9985.079165208763,0.0014920834791237736,
2021-07-07 10:55:00,9985.079165208763,0.0014920834791237736,
2021-07-07 11:00:00,9985.079165208763,0.0014920834791237736,
2021-07-07 11:05:00,9985.079165208763,0.0014920834791237736,
2021-07-07 11:10:00,9985.079165208763,0.0014920834791237736,
2021-07-07 11:15:00,9985.079165208763,0.0014920834791237736,
2021-07-07 11:20:00,9985.079165208763,0.0014920834791237736,
2021-07-07 11:25:00,9985.079165208763,0.0014920834791237736,
2021-07-07 11:30:00,9985.079165208763,0.0014920834791237736,
2021-07-07 11:35:00,9985.079165208763,0.0014920834791237736,
2021-07-07 11:40:00,9985.079165208763,0.0014920834791237736,
2021-07-07 11:45:00,9985.079165208763,0.0014920834791237736,
2021-07-07 11:50:00,9985.079165208763,0.0014920834791237736,
2021-07-07 11:55:00,9985.079165208763,0.0014920834791237736,
2021-07-07 12:00:00,9985.079165208763,0.0014920834791237736,
2021-07-07 12:05:00,9985.079165208763,0.0014920834791237736,
2021-07-07 12:10:00,9985.079165208763,0.0014920834791237736,
2021-07-07 12:15:00,9985.079165208763,0.0014920834791237736,
2021-07-07 12:20:00,9985.079165208763,0.0014920834791237736,
2021-07-07 12:25:00,9985.079165208763,0.0014920834791237736,
2021-07-07 12:30:00,9985.079165208763,0.0014920834791237736,
2021-07-07 12:35:00,9985.079165208763,0.0014920834791237736,
2021-07-07 12:40:00,9985.079165208763,0.0014920834791237736,
2021-07-07 12:45:00,9985.079165208763,0.0014920834791237736,
2021-07-07 12:50:00,9985.079165208763,0.0014920834791237736,
2021-07-07 12:55:00,9985.079165208763,0.0014920834791237736,
2021-07-07 13:00:00,9985.079165208763,0.0014920834791237736,
2021-07-07 13:05:00,9985.079165208763,0.0014920834791237736,
2021-07-07 13:10:00,9985.079165208763,0.0014920834791237736,
2021-07-07 13:15:00,9985.079165208763,0.0014920834791237736,
2021-07-07 13:20:00,9985.079165208763,0.0014920834791237736,
2021-07-07 13:25:00,9985.079165208763,0.0014920834791237736,
2021-07-07 13:30:00,9985.079165208763,0.0014920834791237736,
2021-07-07 13:35:00,9985.079165208763,0.0014920834791237736,
2021-07-07 13:40:00,9985.079165208763,0.0014920834791237736,
2021-07-07 13:45:00,9985.079165208763,0.0014920834791237736,
2021-07-07 13:50:00,9985.079165208763,0.0014920834791237736,
2021-07-07 13:55:00,9985.079165208763,0.0014920834791237736,
2021-07-07 14:00:00,9985.079165208763,0.0014920834791237736,
2021-07-07 14:05:00,9985.079165208763,0.0014920834791237736,
2021-07-07 14:10:00,9985.079165208763,0.0014920834791237736,
2021-07-07 14:15:00,9985.079165208763,0.0014920834791237736,
2021-07-07 14:20:00,9985.079165208763,0.0014920834791237736,
2021-07-07 14:25:00,9985.079165208763,0.0014920834791237736,
2021-07-07 14:30:00,9985.079165208763,0.0014920834791237736,
2021-07-07 14:35:00,9985.079165208763,0.0014920834791237736,
2021-07-07 14:40:00,9985.079165208763,0.0014920834791237736,
2021-07-07 14:45:00,9985.079165208763,0.0014920834791237736,
2021-07-07 14:50:00,9985.079165208763,0.0014920834791237736,
2021-07-07 14:55:00,9985.079165208763,0.0014920834791237736,
2021-07-07 15:00:00,9985.079165208763,0.0014920834791237736,
2021-07-07 15:05:00,9985.079165208763,0.0014920834791237736,
2021-07-07 15:10:00,9985.079165208763,0.0014920834791237736,
2021-07-07 15:15:00,9985.079165208763,0.0014920834791237736,
2021-07-07 15:20:00,9985.079165208763,0.0014920834791237736,
2021-07-07 15:25:00,9985.079165208763,0.0014920834791237736,
2021-07-08 09:15:00,9985.079165208763,0.0014920834791237736,
2021-07-08 09:20:00,9985.079165208763,0.0014920834791237736,
2021-07-08 09:25:00,9985.079165208763,0.0014920834791237736,
2021-07-08 09:30:00,9985.079165208763,0.0014920834791237736,
2021-07-08 09:35:00,9985.079165208763,0.0014920834791237736,
2021-07-08 09:40:00,9985.079165208763,0.0014920834791237736,
2021-07-08 09:45:00,9985.079165208763,0.0014920834791237736,
2021-07-08 09:50:00,9985.079165208763,0.0014920834791237736,
2021-07-08 09:55:00,9985.079165208763,0.0014920834791237736,
2021-07-08 10:00:00,9985.079165208763,0.0014920834791237736,
2021-07-08 10:05:00,9985.079165208763,0.0014920834791237736,
2021-07-08 10:10:00,9985.079165208763,0.0014920834791237736,
2021-07-08 10:15:00,9985.079165208763,0.0014920834791237736,
2021-07-08 10:20:00,9985.079165208763,0.0014920834791237736,
2021-07-08 10:25:00,9985.079165208763,0.0014920834791237736,
2021-07-08 10:30:00,9985.079165208763,0.0014920834791237736,
2021-07-08 10:35:00,9985.079165208763,0.0014920834791237736,
2021-07-08 10:40:00,9985.079165208763,0.0014920834791237736,
2021-07-08 10:45:00,9985.079165208763,0.0014920834791237736,
2021-07-08 10:50:00,9985.079165208763,0.0014920834791237736,
2021-07-08 10:55:00,9985.079165208763,0.0014920834791237736,
2021-07-08 11:00:00,9985.079165208763,0.0014920834791237736,
2021-07-08 11:05:00,9985.079165208763,0.0014920834791237736,
2021-07-08 11:10:00,9985.079165208763,0.0014920834791237736,
2021-07-08 11:15:00,9985.079165208763,0.0014920834791237736,
2021-07-08 11:20:00,9985.079165208763,0.0014920834791237736,
2021-07-08 11:25:00,9985.079165208763,0.0014920834791237736,
2021-07-08 11:30:00,9985.079165208763,0.0014920834791237736,
2021-07-08 11:35:00,9985.079165208763,0.0014920834791237736,
2021-07-08 11:40:00,9985.079165208763,0.0014920834791237736,
2021-07-08 11:45:00,9985.079165208763,0.0014920834791237736,
2021-07-08 11:50:00,9985.079165208763,0.0014920834791237736,
2021-07-08 11:55:00,9985.079165208763,0.0014920834791237736,
2021-07-08 12:00:00,9985.079165208763,0.0014920834791237736,
2021-07-08 12:05:00,9985.079165208763,0.0014920834791237736,
2021-07-08 12:10:00,9985.079165208763,0.0014920834791237736,
2021-07-08 12:15:00,9985.079165208763,0.0014920834791237736,
2021-07-08 12:20:00,9985.079165208763,0.0014920834791237736,
2021-07-08 12:25:00,9985.079165208763,0.0014920834791237736,
2021-07-08 12:30:00,9985.079165208763,0.0014920834791237736,
2021-07-08 12:35:00,9985.079165208763,0.0014920834791237736,
2021-07-08 12:40:00,9985.079165208763,0.0014920834791237736,
2021-07-08 12:45:00,9985.079165208763,0.0014920834791237736,
2021-07-08 12:50:00,9985.079165208763,0.0014920834791237736,
2021-07-08 12:55:00,9985.079165208763,0.0014920834791237736,
2021-07-08 13:00:00,9985.079165208763,0.0014920834791237736,
2021-07-08 13:05:00,9985.079165208763,0.0014920834791237736,
2021-07-08 13:10:00,9985.079165208763,0.0014920834791237736,
2021-07-08 13:15:00,9985.079165208763,0.0014920834791237736,
2021-07-08 13:20:00,9985.079165208763,0.0014920834791237736,
2021-07-08 13:25:00,9985.079165208763,0.0014920834791237736,
2021-07-08 13:30:00,9985.079165208763,0.0014920834791237736,
2021-07-08 13:35:00,9985.079165208763,0.0014920834791237736,
2021-07-08 13:40:00,9985.079165208763,0.0014920834791237736,
2021-07-08 13:45:00,9985.079165208763,0.0014920834791237736,
2021-07-08 13:50:00,9985.079165208763,0.0014920834791237736,
2021-07-08 13:55:00,9985.079165208763,0.0014920834791237736,
2021-07-08 14:00:00,9985.079165208763,0.0014920834791237736,
2021-07-08 14:05:00,9985.079165208763,0.0014920834791237736,
2021-07-08 14:10:00,9985.079165208763,0.0014920834791237736,
2021-07-08 14:15:00,9985.079165208763,0.0014920834791237736,
2021-07-08 14:20:00,9985.079165208763,0.0014920834791237736,
2021-07-08 14:25:00,9985.079165208763,0.0014920834791237736,
2021-07-08 14:30:00,9985.079165208763,0.0014920834791237736,
2021-07-08 14:35:00,9985.079165208763,0.0014920834791237736,
2021-07-08 14:40:00,9985.079165208763,0.0014920834791237736,
2021-07-08 14:45:00,9985.079165208763,0.0014920834791237736,
2021-07-08 14:50:00,9985.079165208763,0.0014920834791237736,
2021-07-08 14:55:00,9985.079165208763,0.0014920834791237736,
2021-07-08 15:00:00,9985.079165208763,0.0014920834791237736,
2021-07-08 15:05:00,9985.079165208763,0.0014920834791237736,
2021-07-08 15:10:00,9985.079165208763,0.0014920834791237736,
2021-07-08 15:15:00,9985.079165208763,0.0014920834791237736,
2021-07-08 15:20:00,9985.079165208763,0.0014920834791237736,
2021-07-08 15:25:00,9985.079165208763,0.0014920834791237736,
2021-07-09 09:15:00,9985.079165208763,0.0014920834791237736,
2021-07-09 09:20:00,9985.079165208763,0.0014920834791237736,
2021-07-09 09:25:00,9985.079165208763,0.0014920834791237736,
2021-07-09 09:30:00,9985.079165208763,0.0014920834791237736,
2021-07-09 09:35:00,9985.079165208763,0.0014920834791237736,
2021-07-09 09:40:00,9985.079165208763,0.0014920834791237736,
2021-07-09 09:45:00,9985.079165208763,0.0014920834791237736,
2021-07-09 09:50:00,9985.079165208763,0.0014920834791237736,
2021-07-09 09:55:00,9985.079165208763,0.0014920834791237736,
2021-07-09 10:00:00,9985.079165208763,0.0014920834791237736,
2021-07-09 10:05:00,9985.079165208763,0.0014920834791237736,
2021-07-09 10:10:00,9985.079165208763,0.0014920834791237736,
2021-07-09 10:15:00,9985.079165208763,0.0014920834791237736,
2021-07-09 10:20:00,9985.079165208763,0.0014920834791237736,
2021-07-09 10:25:00,9985.079165208763,0.0014920834791237736,
2021-07-09 10:30:00,9985.079165208763,0.0014920834791237736,
2021-07-09 10:35:00,9985.079165208763,0.0014920834791237736,
2021-07-09 10:40:00,9985.079165208763,0.0014920834791237736,
2021-07-09 10:45:00,9985.079165208763,0.0014920834791237736,
2021-07-09 10:50:00,9985.079165208763,0.0014920834791237736,
2021-07-09 10:55:00,9985.079165208763,0.0014920834791237736,
2021-07-09 11:00:00,9985.079165208763,0.0014920834791237736,
2021-07-09 11:05:00,9985.079165208763,0.0014920834791237736,
2021-07-09 11:10:00,9985.079165208763,0.0014920834791237736,
2021-07-09 11:15:00,9985.079165208763,0.0014920834791237736,
2021-07-09 11:20:00,9985.079165208763,0.0014920834791237736,
2021-07-09 11:25:00,9985.079165208763,0.0014920834791237736,
2021-07-09 11:30:00,9985.079165208763,0.0014920834791237736,
2021-07-09 11:35:00,9985.079165208763,0.0014920834791237736,
2021-07-09 11:40:00,9985.079165208763,0.0014920834791237736,
2021-07-09 11:45:00,9985.079165208763,0.0014920834791237736,
2021-07-09 11:50:00,9985.079165208763,0.0014920834791237736,
2021-07-09 11:55:00,9985.079165208763,0.0014920834791237736,
2021-07-09 12:00:00,9985.079165208763,0.0014920834791237736,
2021-07-09 12:05:00,9985.079165208763,0.0014920834791237736,
2021-07-09 12:10:00,9985.079165208763,0.0014920834791237736,
2021-07-09 12:15:00,9985.079165208763,0.0014920834791237736,
2021-07-09 12:20:00,9985.079165208763,0.0014920834791237736,
2021-07-09 12:25:00,9985.079165208763,0.0014920834791237736,
2021-07-09 12:30:00,9985.079165208763,0.0014920834791237736,
2021-07-09 12:35:00,9985.079165208763,0.0014920834791237736,
2021-07-09 12:40:00,9985.079165208763,0.0014920834791237736,
2021-07-09 12:45:00,9985.079165208763,0.0014920834791237736,
2021-07-09 12:50:00,9985.079165208763,0.0014920834791237736,
2021-07-09 12:55:00,9985.079165208763,0.0014920834791237736,
2021-07-09 13:00:00,9985.079165208763,0.0014920834791237736,
2021-07-09 13:05:00,9985.079165208763,0.0014920834791237736,
2021-07-09 13:10:00,9985.079165208763,0.0014920834791237736,
2021-07-09 13:15:00,9985.079165208763,0.0014920834791237736,
2021-07-09 13:20:00,9985.079165208763,0.0014920834791237736,
2021-07-09 13:25:00,9985.079165208763,0.0014920834791237736,
2021-07-09 13:30:00,9985.079165208763,0.0014920834791237736,
2021-07-09 13:35:00,9985.079165208763,0.0014920834791237736,
2021-07-09 13:40:00,9985.079165208763,0.0014920834791237736,
2021-07-09 13:45:00,9985.079165208763,0.0014920834791237736,
2021-07-09 13:50:00,9985.079165208763,0.0014920834791237736,
2021-07-09 13:55:00,9985.079165208763,0.0014920834791237736,
2021-07-09 14:00:00,9985.079165208763,0.0014920834791237736,
2021-07-09 14:05:00,9985.079165208763,0.0014920834791237736,
2021-07-09 14:10:00,9985.079165208763,0.0014920834791237736,
2021-07-09 14:15:00,9985.079165208763,0.0014920834791237736,
2021-07-09 14:20:00,9985.079165208763,0.0014920834791237736,
2021-07-09 14:25:00,9985.079165208763,0.0014920834791237736,
2021-07-09 14:30:00,9985.079165208763,0.0014920834791237736,
2021-07-09 14:35:00,9985.079165208763,0.0014920834791237736,
2021-07-09 14:40:00,9985.079165208763,0.0014920834791237736,
2021-07-09 14:45:00,9985.079165208763,0.0014920834791237736,
2021-07-09 14:50:00,9985.079165208763,0.0014920834791237736,
2021-07-09 14:55:00,9985.079165208763,0.0014920834791237736,
2021-07-09 15:00:00,9985.079165208763,0.0014920834791237736,
2021-07-09 15:05:00,9985.079165208763,0.0014920834791237736,
2021-07-09 15:10:00,9985.079165208763,0.0014920834791237736,
2021-07-09 15:15:00,9985.079165208763,0.0014920834791237736,
2021-07-09 15:20:00,9985.079165208763,0.0014920834791237736,
2021-07-09 15:25:00,9985.079165208763,0.0014920834791237736,
2021-07-12 09:15:00,9985.079165208763,0.0014920834791237736,
2021-07-12 09:20:00,9985.079165208763,0.0014920834791237736,
2021-07-12 09:25:00,9985.079165208763,0.0014920834791237736,
2021-07-12 09:30:00,9985.079165208763,0.0014920834791237736,
2021-07-12 09:35:00,9985.079165208763,0.0014920834791237736,
2021-07-12 09:40:00,9985.079165208763,0.0014920834791237736,
2021-07-12 09:45:00,9985.079165208763,0.0014920834791237736,
2021-07-12 09:50:00,9985.079165208763,0.0014920834791237736,
2021-07-12 09:55:00,9985.079165208763,0.0014920834791237736,
2021-07-12 10:00:00,9985.079165208763,0.0014920834791237736,
2021-07-12 10:05:00,9985.079165208763,0.0014920834791237736,
2021-07-12 10:10:00,9985.079165208763,0.0014920834791237736,
2021-07-12 10:15:00,9985.079165208763,0.0014920834791237736,
2021-07-12 10:20:00,9985.079165208763,0.0014920834791237736,
2021-07-12 10:25:00,9985.079165208763,0.0014920834791237736,
2021-07-12 10:30:00,9985.079165208763,0.0014920834791237736,
2021-07-12 10:35:00,9985.079165208763,0.0014920834791237736,
2021-07-12 10:40:00,9985.079165208763,0.0014920834791237736,
2021-07-12 10:45:00,9985.079165208763,0.0014920834791237736,
2021-07-12 10:50:00,9985.079165208763,0.0014920834791237736,
2021-07-12 10:55:00,9985.079165208763,0.0014920834791237736,
2021-07-12 11:00:00,9985.079165208763,0.0014920834791237736,
2021-07-12 11:05:00,9985.079165208763,0.0014920834791237736,
2021-07-12 11:10:00,9985.079165208763,0.0014920834791237736,
2021-07-12 11:15:00,9985.079165208763,0.0014920834791237736,
2021-07-12 11:20:00,9985.079165208763,0.0014920834791237736,
2021-07-12 11:25:00,9985.079165208763,0.0014920834791237736,
2021-07-12 11:30:00,9985.079165208763,0.0014920834791237736,
2021-07-12 11:35:00,9985.079165208763,0.0014920834791237736,
2021-07-12 11:40:00,9985.079165208763,0.0014920834791237736,
2021-07-12 11:45:00,9985.079165208763,0.0014920834791237736,
2021-07-12 11:50:00,9985.079165208763,0.0014920834791237736,
2021-07-12 11:55:00,9985.079165208763,0.0014920834791237736,
2021-07-12 12:00:00,9985.079165208763,0.0014920834791237736,
2021-07-12 12:05:00,9985.079165208763,0.0014920834791237736,
2021-07-12 12:10:00,9985.079165208763,0.0014920834791237736,
2021-07-12 12:15:00,9985.079165208763,0.0014920834791237736,
2021-07-12 12:20:00,9985.079165208763,0.0014920834791237736,
2021-07-12 12:25:00,9985.079165208763,0.0014920834791237736,
2021-07-12 12:30:00,9985.079165208763,0.0014920834791237736,
2021-07-12 12:35:00,9985.079165208763,0.0014920834791237736,
2021-07-12 12:40:00,9985.079165208763,0.0014920834791237736,
2021-07-12 12:45:00,9985.079165208763,0.0014920834791237736,
2021-07-12 12:50:00,9985.079165208763,0.0014920834791237736,
2021-07-12 12:55:00,9985.079165208763,0.0014920834791237736,
2021-07-12 13:00:00,9985.079165208763,0.0014920834791237736,
2021-07-12 13:05:00,9985.079165208763,0.0014920834791237736,
2021-07-12 13:10:00,9985.079165208763,0.0014920834791237736,
2021-07-12 13:15:00,9985.079165208763,0.0014920834791237736,
2021-07-12 13:20:00,9985.079165208763,0.0014920834791237736,
2021-07-12 13:25:00,9985.079165208763,0.0014920834791237736,
2021-07-12 13:30:00,9985.079165208763,0.0014920834791237736,
2021-07-12 13:35:00,9985.079165208763,0.0014920834791237736,
2021-07-12 13:40:00,9985.079165208763,0.0014920834791237736,
2021-07-12 13:45:00,9985.079165208763,0.0014920834791237736,
2021-07-12 13:50:00,9985.079165208763,0.0014920834791237736,
2021-07-12 13:55:00,9985.079165208763,0.0014920834791237736,
2021-07-12 14:00:00,9985.079165208763,0.0014920834791237736,
2021-07-12 14:05:00,9985.079165208763,0.0014920834791237736,
2021-07-12 14:10:00,9985.079165208763,0.0014920834791237736,
2021-07-12 14:15:00,9985.079165208763,0.0014920834791237736,
2021-07-12 14:20:00,9985.079165208763,0.0014920834791237736,
2021-07-12 14:25:00,9985.079165208763,0.0014920834791237736,
2021-07-12 14:30:00,9985.079165208763,0.0014920834791237736,
2021-07-12 14:35:00,9985.079165208763,0.0014920834791237736,
2021-07-12 14:40:00,9985.079165208763,0.0014920834791237736,
2021-07-12 14:45:00,9985.079165208763,0.0014920834791237736,
2021-07-12 14:50:00,9985.079165208763,0.0014920834791237736,
2021-07-12 14:55:00,9985.079165208763,0.0014920834791237736,
2021-07-12 15:00:00,9985.079165208763,0.0014920834791237736,
2021-07-12 15:05:00,9985.079165208763,0.0014920834791237736,
2021-07-12 15:10:00,9985.079165208763,0.0014920834791237736,
2021-07-12 15:15:00,9985.079165208763,0.0014920834791237736,
2021-07-12 15:20:00,9985.079165208763,0.0014920834791237736,
2021-07-12 15:25:00,9985.079165208763,0.0014920834791237736,
2021-07-13 09:15:00,9985.079165208763,0.0014920834791237736,
2021-07-13 09:20:00,9985.079165208763,0.0014920834791237736,
2021-07-13 09:25:00,9985.079165208763,0.0014920834791237736,
2021-07-13 09:30:00,9985.079165208763,0.0014920834791237736,
2021-07-13 09:35:00,9985.079165208763,0.0014920834791237736,
2021-07-13 09:40:00,9985.079165208763,0.0014920834791237736,
2021-07-13 09:45:00,9985.079165208763,0.0014920834791237736,
2021-07-13 09:50:00,9985.079165208763,0.0014920834791237736,
2021-07-13 09:55:00,9985.079165208763,0.0014920834791237736,
2021-07-13 10:00:00,9985.079165208763,0.0014920834791237736,
2021-07-13 10:05:00,9985.079165208763,0.0014920834791237736,
2021-07-13 10:10:00,9985.079165208763,0.0014920834791237736,
2021-07-13 10:15:00,9985.079165208763,0.0014920834791237736,
2021-07-13 10:20:00,9985.079165208763,0.0014920834791237736,
2021-07-13 10:25:00,9985.079165208763,0.0014920834791237736,
2021-07-13 10:30:00,9985.079165208763,0.0014920834791237736,
2021-07-13 10:35:00,9985.079165208763,0.0014920834791237736,
2021-07-13 10:40:00,9985.079165208763,0.0014920834791237736,
2021-07-13 10:45:00,9985.079165208763,0.0014920834791237736,
2021-07-13 10:50:00,9985.079165208763,0.0014920834791237736,
2021-07-13 10:55:00,9985.079165208763,0.0014920834791237736,
2021-07-13 11:00:00,9985.079165208763,0.0014920834791237736,
2021-07-13 11:05:00,9985.079165208763,0.0014920834791237736,
2021-07-13 11:10:00,9985.079165208763,0.0014920834791237736,
2021-07-13 11:15:00,9985.079165208763,0.0014920834791237736,
2021-07-13 11:20:00,9985.079165208763,0.0014920834791237736,
2021-07-13 11:25:00,9985.079165208763,0.0014920834791237736,
2021-07-13 11:30:00,9985.079165208763,0.0014920834791237736,
2021-07-13 11:35:00,9985.079165208763,0.0014920834791237736,
2021-07-13 11:40:00,9985.079165208763,0.0014920834791237736,
2021-07-13 11:45:00,9985.079165208763,0.0014920834791237736,
2021-07-13 11:50:00,9985.079165208763,0.0014920834791237736,
2021-07-13 11:55:00,9985.079165208763,0.0014920834791237736,
2021-07-13 12:00:00,9985.079165208763,0.0014920834791237736,
2021-07-13 12:05:00,9985.079165208763,0.0014920834791237736,
2021-07-13 12:10:00,9985.079165208763,0.0014920834791237736,
2021-07-13 12:15:00,9985.079165208763,0.0014920834791237736,
2021-07-13 12:20:00,9985.079165208763,0.0014920834791237736,
2021-07-13 12:25:00,9985.079165208763,0.0014920834791237736,
2021-07-13 12:30:00,9985.079165208763,0.0014920834791237736,
2021-07-13 12:35:00,9985.079165208763,0.0014920834791237736,
2021-07-13 12:40:00,9985.079165208763,0.0014920834791237736,
2021-07-13 12:45:00,9985.079165208763,0.0014920834791237736,
2021-07-13 12:50:00,9985.079165208763,0.0014920834791237736,
2021-07-13 12:55:00,9985.079165208763,0.0014920834791237736,
2021-07-13 13:00:00,9985.079165208763,0.0014920834791237736,
2021-07-13 13:05:00,9985.079165208763,0.0014920834791237736,
2021-07-13 13:10:00,9985.079165208763,0.0014920834791237736,
2021-07-13 13:15:00,9985.079165208763,0.0014920834791237736,
2021-07-13 13:20:00,9985.079165208763,0.0014920834791237736,
2021-07-13 13:25:00,9985.079165208763,0.0014920834791237736,
2021-07-13 13:30:00,9985.079165208763,0.0014920834791237736,
2021-07-13 13:35:00,9985.079165208763,0.0014920834791237736,
2021-07-13 13:40:00,9985.079165208763,0.0014920834791237736,
2021-07-13 13:45:00,9985.079165208763,0.0014920834791237736,
2021-07-13 13:50:00,9985.079165208763,0.0014920834791237736,
2021-07-13 13:55:00,9985.079165208763,0.0014920834791237736,
2021-07-13 14:00:00,9985.079165208763,0.0014920834791237736,
2021-07-13 14:05:00,9985.079165208763,0.0014920834791237736,
2021-07-13 14:10:00,9985.079165208763,0.0014920834791237736,
2021-07-13 14:15:00,9985.079165208763,0.0014920834791237736,
2021-07-13 14:20:00,9985.079165208763,0.0014920834791237736,
2021-07-13 14:25:00,9985.079165208763,0.0014920834791237736,
2021-07-13 14:30:00,9985.079165208763,0.0014920834791237736,
2021-07-13 14:35:00,9985.079165208763,0.0014920834791237736,
2021-07-13 14:40:00,9985.079165208763,0.0014920834791237736,
2021-07-13 14:45:00,9985.079165208763,0.0014920834791237736,
2021-07-13 14:50:00,9985.079165208763,0.0014920834791237736,
2021-07-13 14:55:00,9985.079165208763,0.0014920834791237736,
2021-07-13 15:00:00,9985.079165208763,0.0014920834791237736,
2021-07-13 15:05:00,9985.079165208763,0.0014920834791237736,
2021-07-13 15:10:00,9985.079165208763,0.0014920834791237736,
2021-07-13 15:15:00,9985.079165208763,0.0014920834791237736,
2021-07-13 15:20:00,9985.079165208763,0.0014920834791237736,
2021-07-13 15:25:00,9985.079165208763,0.0014920834791237736,
2021-07-14 09:15:00,9985.079165208763,0.0014920834791237736,
2021-07-14 09:20:00,9985.079165208763,0.0014920834791237736,
2021-07-14 09:25:00,9985.079165208763,0.0014920834791237736,
2021-07-14 09:30:00,9985.079165208763,0.0014920834791237736,
2021-07-14 09:35:00,9985.079165208763,0.0014920834791237736,
2021-07-14 09:40:00,9985.079165208763,0.0014920834791237736,
2021-07-14 09:45:00,9985.079165208763,0.0014920834791237736,
2021-07-14 09:50:00,9985.079165208763,0.0014920834791237736,
2021-07-14 09:55:00,9985.079165208763,0.0014920834791237736,
2021-07-14 10:00:00,9985.079165208763,0.0014920834791237736,
2021-07-14 10:05:00,9985.079165208763,0.0014920834791237736,
2021-07-14 10:10:00,9985.079165208763,0.0014920834791237736,
2021-07-14 10:15:00,9985.079165208763,0.0014920834791237736,
2021-07-14 10:20:00,9985.079165208763,0.0014920834791237736,
2021-07-14 10:25:00,9985.079165208763,0.0014920834791237736,
2021-07-14 10:30:00,9985.079165208763,0.0014920834791237736,
2021-07-14 10:35:00,9985.079165208763,0.0014920834791237736,
2021-07-14 10:40:00,9985.079165208763,0.0014920834791237736,
2021-07-14 10:45:00,9985.079165208763,0.0014920834791237736,
2021-07-14 10:50:00,9985.079165208763,0.0014920834791237736,
2021-07-14 10:55:00,9985.079165208763,0.0014920834791237736,
2021-07-14 11:00:00,9985.079165208763,0.0014920834791237736,
2021-07-14 11:05:00,9985.079165208763,0.0014920834791237736,
2021-07-14 11:10:00,9985.079165208763,0.0014920834791237736,
2021-07-14 11:15:00,9985.079165208763,0.0014920834791237736,
2021-07-14 11:20:00,9985.079165208763,0.0014920834791237736,
2021-07-14 11:25:00,9985.079165208763,0.0014920834791237736,
2021-07-14 11:30:00,9985.079165208763,0.0014920834791237736,
2021-07-14 11:35:00,9985.079165208763,0.0014920834791237736,
2021-07-14 11:40:00,9985.079165208763,0.0014920834791237736,
2021-07-14 11:45:00,9985.079165208763,0.0014920834791237736,
2021-07-14 11:50:00,9985.079165208763,0.0014920834791237736,
2021-07-14 11:55:00,9985.079165208763,0.0014920834791237736,
2021-07-14 12:00:00,9985.079165208763,0.0014920834791237736,
2021-07-14 12:05:00,9985.079165208763,0.0014920834791237736,
2021-07-14 12:10:00,9985.079165208763,0.0014920834791237736,
2021-07-14 12:15:00,9985.079165208763,0.0014920834791237736,
2021-07-14 12:20:00,9985.079165208763,0.0014920834791237736,
2021-07-14 12:25:00,9985.079165208763,0.0014920834791237736,
2021-07-14 12:30:00,9985.079165208763,0.0014920834791237736,
2021-07-14 12:35:00,9985.079165208763,0.0014920834791237736,
2021-07-14 12:40:00,9985.079165208763,0.0014920834791237736,
2021-07-14 12:45:00,9985.079165208763,0.0014920834791237736,
2021-07-14 12:50:00,9985.079165208763,0.0014920834791237736,
2021-07-14 12:55:00,9985.079165208763,0.0014920834791237736,
2021-07-14 13:00:00,9985.079165208763,0.0014920834791237736,
2021-07-14 13:05:00,9985.079165208763,0.0014920834791237736,
2021-07-14 13:10:00,9985.079165208763,0.0014920834791237736,
2021-07-14 13:15:00,9985.079165208763,0.0014920834791237736,
2021-07-14 13:20:00,9985.079165208763,0.0014920834791237736,
2021-07-14 13:25:00,9985.079165208763,0.0014920834791237736,
2021-07-14 13:30:00,9985.079165208763,0.0014920834791237736,
2021-07-14 13:35:00,9985.079165208763,0.0014920834791237736,
2021-07-14 13:40:00,9985.079165208763,0.0014920834791237736,
2021-07-14 13:45:00,9985.079165208763,0.0014920834791237736,
2021-07-14 13:50:00,9985.079165208763,0.0014920834791237736,
2021-07-14 13:55:00,9985.079165208763,0.0014920834791237736,
2021-07-14 14:00:00,9985.079165208763,0.0014920834791237736,
2021-07-14 14:05:00,9985.079165208763,0.0014920834791237736,
2021-07-14 14:10:00,9985.079165208763,0.0014920834791237736,
2021-07-14 14:15:00,9985.079165208763,0.0014920834791237736,
2021-07-14 14:20:00,9985.079165208763,0.0014920834791237736,
2021-07-14 14:25:00,9985.079165208763,0.0014920834791237736,
2021-07-14 14:30:00,9985.079165208763,0.0014920834791237736,
2021-07-14 14:35:00,9985.079165208763,0.0014920834791237736,
2021-07-14 14:40:00,9985.079165208763,0.0014920834791237736,
2021-07-14 14:45:00,9985.079165208763,0.0014920834791237736,
2021-07-14 14:50:00,9985.079165208763,0.0014920834791237736,
2021-07-14 14:55:00,9985.079165208763,0.0014920834791237736,
2021-07-14 15:00:00,9985.079165208763,0.0014920834791237736,
2021-07-14 15:05:00,9985.079165208763,0.0014920834791237736,
2021-07-14 15:10:00,9985.079165208763,0.0014920834791237736,
2021-07-14 15:15:00,9985.079165208763,0.0014920834791237736,
2021-07-14 15:20:00,9985.079165208763,0.0014920834791237736,
2021-07-14 15:25:00,9985.079165208763,0.0014920834791237736,
2021-07-15 09:15:00,9985.079165208763,0.0014920834791237736,
2021-07-15 09:20:00,9985.079165208763,0.0014920834791237736,
2021-07-15 09:25:00,9985.079165208763,0.0014920834791237736,
2021-07-15 09:30:00,9985.079165208763,0.0014920834791237736,
2021-07-15 09:35:00,9985.079165208763,0.0014920834791237736,
2021-07-15 09:40:00,9985.079165208763,0.0014920834791237736,
2021-07-15 09:45:00,9985.079165208763,0.0014920834791237736,
2021-07-15 09:50:00,9985.079165208763,0.0014920834791237736,
2021-07-15 09:55:00,9985.079165208763,0.0014920834791237736,
2021-07-15 10:00:00,9985.079165208763,0.0014920834791237736,
2021-07-15 10:05:00,9985.079165208763,0.0014920834791237736,
2021-07-15 10:10:00,9985.079165208763,0.0014920834791237736,
2021-07-15 10:15:00,9985.079165208763,0.0014920834791237736,
2021-07-15 10:20:00,9985.079165208763,0.0014920834791237736,
2021-07-15 10:25:00,9985.079165208763,0.0014920834791237736,
2021-07-15 10:30:00,9985.079165208763,0.0014920834791237736,
2021-07-15 10:35:00,9985.079165208763,0.0014920834791237736,
2021-07-15 10:40:00,9985.079165208763,0.0014920834791237736,
2021-07-15 10:45:00,9985.079165208763,0.0014920834791237736,
2021-07-15 10:50:00,9985.079165208763,0.0014920834791237736,
2021-07-15 10:55:00,9985.079165208763,0.0014920834791237736,
2021-07-15 11:00:00,9985.079165208763,0.0014920834791237736,
2021-07-15 11:05:00,9985.079165208763,0.0014920834791237736,
2021-07-15 11:10:00,9985.079165208763,0.0014920834791237736,
2021-07-15 11:15:00,9985.079165208763,0.0014920834791237736,
2021-07-15 11:20:00,9985.079165208763,0.0014920834791237736,
2021-07-15 11:25:00,9985.079165208763,0.0014920834791237736,
2021-07-15 11:30:00,9985.079165208763,0.0014920834791237736,
2021-07-15 11:35:00,9985.079165208763,0.0014920834791237736,
2021-07-15 11:40:00,9985.079165208763,0.0014920834791237736,
2021-07-15 11:45:00,9985.079165208763,0.0014920834791237736,
2021-07-15 11:50:00,9985.079165208763,0.0014920834791237736,
2021-07-15 11:55:00,9985.079165208763,0.0014920834791237736,
2021-07-15 12:00:00,9985.079165208763,0.0014920834791237736,
2021-07-15 12:05:00,9985.079165208763,0.0014920834791237736,
2021-07-15 12:10:00,9985.079165208763,0.0014920834791237736,
2021-07-15 12:15:00,9985.079165208763,0.0014920834791237736,
2021-07-15 12:20:00,9985.079165208763,0.0014920834791237736,
2021-07-15 12:25:00,9985.079165208763,0.0014920834791237736,
2021-07-15 12:30:00,9985.079165208763,0.0014920834791237736,
2021-07-15 12:35:00,9985.079165208763,0.0014920834791237736,
2021-07-15 12:40:00,9985.079165208763,0.0014920834791237736,
2021-07-15 12:45:00,9985.079165208763,0.0014920834791237736,
2021-07-15 12:50:00,9985.079165208763,0.0014920834791237736,
2021-07-15 12:55:00,9985.079165208763,0.0014920834791237736,
2021-07-15 13:00:00,9985.079165208763,0.0014920834791237736,
2021-07-15 13:05:00,9985.079165208763,0.0014920834791237736,
2021-07-15 13:10:00,9985.079165208763,0.0014920834791237736,
2021-07-15 13:15:00,9985.079165208763,0.0014920834791237736,
2021-07-15 13:20:00,9985.079165208763,0.0014920834791237736,
2021-07-15 13:25:00,9985.079165208763,0.0014920834791237736,
2021-07-15 13:30:00,9985.079165208763,0.0014920834791237736,
2021-07-15 13:35:00,9985.079165208763,0.0014920834791237736,
2021-07-15 13:40:00,9985.079165208763,0.0014920834791237736,
2021-07-15 13:45:00,9985.079165208763,0.0014920834791237736,
2021-07-15 13:50:00,9985.079165208763,0.0014920834791237736,
2021-07-15 13:55:00,9985.079165208763,0.0014920834791237736,
2021-07-15 14:00:00,9985.079165208763,0.0014920834791237736,
2021-07-15 14:05:00,9985.079165208763,0.0014920834791237736,
2021-07-15 14:10:00,9985.079165208763,0.0014920834791237736,
2021-07-15 14:15:00,9985.079165208763,0.0014920834791237736,
2021-07-15 14:20:00,9985.079165208763,0.0014920834791237736,
2021-07-15 14:25:00,9985.079165208763,0.0014920834791237736,
2021-07-15 14:30:00,9985.079165208763,0.0014920834791237736,
2021-07-15 14:35:00,9985.079165208763,0.0014920834791237736,
2021-07-15 14:40:00,9985.079165208763,0.0014920834791237736,
2021-07-15 14:45:00,9985.079165208763,0.0014920834791237736,
2021-07-15 14:50:00,9985.079165208763,0.0014920834791237736,
2021-07-15 14:55:00,9985.079165208763,0.0014920834791237736,
2021-07-15 15:00:00,9985.079165208763,0.0014920834791237736,
2021-07-15 15:05:00,9985.079165208763,0.0014920834791237736,
2021-07-15 15:10:00,9985.079165208763,0.0014920834791237736,
2021-07-15 15:15:00,9985.079165208763,0.0014920834791237736,
2021-07-15 15:20:00,9985.079165208763,0.0014920834791237736,
2021-07-15 15:25:00,9985.079165208763,0.0014920834791237736,
2021-07-16 09:15:00,9985.079165208763,0.0014920834791237736,
2021-07-16 09:20:00,9985.079165208763,0.0014920834791237736,
2021-07-16 09:25:00,9985.079165208763,0.0014920834791237736,
2021-07-16 09:30:00,9985.079165208763,0.0014920834791237736,
2021-07-16 09:35:00,9985.079165208763,0.0014920834791237736,
2021-07-16 09:40:00,9985.079165208763,0.0014920834791237736,
2021-07-16 09:45:00,9985.079165208763,0.0014920834791237736,
2021-07-16 09:50:00,9985.079165208763,0.0014920834791237736,
2021-07-16 09:55:00,9985.079165208763,0.0014920834791237736,
2021-07-16 10:00:00,9985.079165208763,0.0014920834791237736,
2021-07-16 10:05:00,9985.079165208763,0.0014920834791237736,
2021-07-16 10:10:00,9985.079165208763,0.0014920834791237736,
2021-07-16 10:15:00,9985.079165208763,0.0014920834791237736,
2021-07-16 10:20:00,9985.079165208763,0.0014920834791237736,
2021-07-16 10:25:00,9985.079165208763,0.0014920834791237736,
2021-07-16 10:30:00,9985.079165208763,0.0014920834791237736,
2021-07-16 10:35:00,9985.079165208763,0.0014920834791237736,
2021-07-16 10:40:00,9985.079165208763,0.0014920834791237736,
2021-07-16 10:45:00,9985.079165208763,0.0014920834791237736,
2021-07-16 10:50:00,9985.079165208763,0.0014920834791237736,
2021-07-16 10:55:00,9985.079165208763,0.0014920834791237736,
2021-07-16 11:00:00,9985.079165208763,0.0014920834791237736,
2021-07-16 11:05:00,9985.079165208763,0.0014920834791237736,
2021-07-16 11:10:00,9985.079165208763,0.0014920834791237736,
2021-07-16 11:15:00,9985.079165208763,0.0014920834791237736,
2021-07-16 11:20:00,9985.079165208763,0.0014920834791237736,
2021-07-16 11:25:00,9985.079165208763,0.0014920834791237736,
2021-07-16 11:30:00,9985.079165208763,0.0014920834791237736,
2021-07-16 11:35:00,9985.079165208763,0.0014920834791237736,
2021-07-16 11:40:00,9985.079165208763,0.0014920834791237736,
2021-07-16 11:45:00,9985.079165208763,0.0014920834791237736,
2021-07-16 11:50:00,9985.079165208763,0.0014920834791237736,
2021-07-16 11:55:00,9985.079165208763,0.0014920834791237736,
2021-07-16 12:00:00,9985.079165208763,0.0014920834791237736,
2021-07-16 12:05:00,9985.079165208763,0.0014920834791237736,
2021-07-16 12:10:00,9985.079165208763,0.0014920834791237736,
2021-07-16 12:15:00,9985.079165208763,0.0014920834791237736,
2021-07-16 12:20:00,9985.079165208763,0.0014920834791237736,
2021-07-16 12:25:00,9985.079165208763,0.0014920834791237736,
2021-07-16 12:30:00,9985.079165208763,0.0014920834791237736,
2021-07-16 12:35:00,9985.079165208763,0.0014920834791237736,
2021-07-16 12:40:00,9985.079165208763,0.0014920834791237736,
2021-07-16 12:45:00,9985.079165208763,0.0014920834791237736,
2021-07-16 12:50:00,9985.079165208763,0.0014920834791237736,
2021-07-16 12:55:00,9985.079165208763,0.0014920834791237736,
2021-07-16 13:00:00,9985.079165208763,0.0014920834791237736,
2021-07-16 13:05:00,9985.079165208763,0.0014920834791237736,
2021-07-16 13:10:00,9985.079165208763,0.0014920834791237736,
2021-07-16 13:15:00,9985.079165208763,0.0014920834791237736,
2021-07-16 13:20:00,9985.079165208763,0.0014920834791237736,
2021-07-16 13:25:00,9985.079165208763,0.0014920834791237736,
2021-07-16 13:30:00,9985.079165208763,0.0014920834791237736,
2021-07-16 13:35:00,9985.079165208763,0.0014920834791237736,
2021-07-16 13:40:00,9985.079165208763,0.0014920834791237736,
2021-07-16 13:45:00,9985.079165208763,0.0014920834791237736,
2021-07-16 13:50:00,9985.079165208763,0.0014920834791237736,
2021-07-16 13:55:00,9985.079165208763,0.0014920834791237736,
2021-07-16 14:00:00,9985.079165208763,0.0014920834791237736,
2021-07-16 14:05:00,9985.079165208763,0.0014920834791237736,
2021-07-16 14:10:00,9985.079165208763,0.0014920834791237736,
2021-07-16 14:15:00,9985.079165208763,0.0014920834791237736,
2021-07-16 14:20:00,9985.079165208763,0.0014920834791237736,
2021-07-16 14:25:00,9985.079165208763,0.0014920834791237736,
2021-07-16 14:30:00,9985.079165208763,0.0014920834791237736,
2021-07-16 14:35:00,9985.079165208763,0.0014920834791237736,
2021-07-16 14:40:00,9985.079165208763,0.0014920834791237736,
2021-07-16 14:45:00,9985.079165208763,0.0014920834791237736,
2021-07-16 14:50:00,9985.079165208763,0.0014920834791237736,
2021-07-16 14:55:00,9985.079165208763,0.0014920834791237736,
2021-07-16 15:00:00,9985.079165208763,0.0014920834791237736,
2021-07-16 15:05:00,9985.079165208763,0.0014920834791237736,
2021-07-16 15:10:00,9985.079165208763,0.0014920834791237736,
2021-07-16 15:15:00,9985.079165208763,0.0014920834791237736,
2021-07-16 15:20:00,9985.079165208763,0.0014920834791237736,
2021-07-16 15:25:00,9985.079165208763,0.0014920834791237736,
2021-07-19 09:15:00,9985.079165208763,0.0014920834791237736,
2021-07-19 09:20:00,9985.079165208763,0.0014920834791237736,
2021-07-19 09:25:00,9985.079165208763,0.0014920834791237736,
2021-07-19 09:30:00,9985.079165208763,0.0014920834791237736,
2021-07-19 09:35:00,9985.079165208763,0.0014920834791237736,
2021-07-19 09:40:00,9985.079165208763,0.0014920834791237736,
2021-07-19 09:45:00,9985.079165208763,0.0014920834791237736,
2021-07-19 09:50:00,9985.079165208763,0.0014920834791237736,
2021-07-19 09:55:00,9985.079165208763,0.0014920834791237736,
2021-07-19 10:00:00,9985.079165208763,0.0014920834791237736,
2021-07-19 10:05:00,9985.079165208763,0.0014920834791237736,
2021-07-19 10:10:00,9985.079165208763,0.0014920834791237736,
2021-07-19 10:15:00,9985.079165208763,0.0014920834791237736,
2021-07-19 10:20:00,9985.079165208763,0.0014920834791237736,
2021-07-19 10:25:00,9985.079165208763,0.0014920834791237736,
2021-07-19 10:30:00,9985.079165208763,0.0014920834791237736,
2021-07-19 10:35:00,9985.079165208763,0.0014920834791237736,
2021-07-19 10:40:00,9985.079165208763,0.0014920834791237736,
2021-07-19 10:45:00,9985.079165208763,0.0014920834791237736,
2021-07-19 10:50:00,9985.079165208763,0.0014920834791237736,
2021-07-19 10:55:00,9985.079165208763,0.0014920834791237736,
2021-07-19 11:00:00,9985.079165208763,0.0014920834791237736,
2021-07-19 11:05:00,9985.079165208763,0.0014920834791237736,
2021-07-19 11:10:00,9985.079165208763,0.0014920834791237736,
2021-07-19 11:15:00,9985.079165208763,0.0014920834791237736,
2021-07-19 11:20:00,9985.079165208763,0.0014920834791237736,
2021-07-19 11:25:00,9985.079165208763,0.0014920834791237736,
2021-07-19 11:30:00,9985.079165208763,0.0014920834791237736,
2021-07-19 11:35:00,9985.079165208763,0.0014920834791237736,
2021-07-19 11:40:00,9985.079165208763,0.0014920834791237736,
2021-07-19 11:45:00,9985.079165208763,0.0014920834791237736,
2021-07-19 11:50:00,9985.079165208763,0.0014920834791237736,
2021-07-19 11:55:00,9985.079165208763,0.0014920834791237736,
2021-07-19 12:00:00,9985.079165208763,0.0014920834791237736,
2021-07-19 12:05:00,9985.079165208763,0.0014920834791237736,
2021-07-19 12:10:00,9985.079165208763,0.0014920834791237736,
2021-07-19 12:15:00,9985.079165208763,0.0014920834791237736,
2021-07-19 12:20:00,9985.079165208763,0.0014920834791237736,
2021-07-19 12:25:00,9985.079165208763,0.0014920834791237736,
2021-07-19 12:30:00,9985.079165208763,0.0014920834791237736,
2021-07-19 12:35:00,9985.079165208763,0.0014920834791237736,
2021-07-19 12:40:00,9985.079165208763,0.0014920834791237736,
2021-07-19 12:45:00,9985.079165208763,0.0014920834791237736,
2021-07-19 12:50:00,9985.079165208763,0.0014920834791237736,
2021-07-19 12:55:00,9985.079165208763,0.0014920834791237736,
2021-07-19 13:00:00,9985.079165208763,0.0014920834791237736,
2021-07-19 13:05:00,9985.079165208763,0.0014920834791237736,
2021-07-19 13:10:00,9985.079165208763,0.0014920834791237736,
2021-07-19 13:15:00,9985.079165208763,0.0014920834791237736,
2021-07-19 13:20:00,9985.079165208763,0.0014920834791237736,
2021-07-19 13:25:00,9985.079165208763,0.0014920834791237736,
2021-07-19 13:30:00,9985.079165208763,0.0014920834791237736,
2021-07-19 13:35:00,9985.079165208763,0.0014920834791237736,
2021-07-19 13:40:00,9985.079165208763,0.0014920834791237736,
2021-07-19 13:45:00,9985.079165208763,0.0014920834791237736,
2021-07-19 13:50:00,9985.079165208763,0.0014920834791237736,
2021-07-19 13:55:00,9985.079165208763,0.0014920834791237736,
2021-07-19 14:00:00,9985.079165208763,0.0014920834791237736,
2021-07-19 14:05:00,9985.079165208763,0.0014920834791237736,
2021-07-19 14:10:00,9985.079165208763,0.0014920834791237736,
2021-07-19 14:15:00,9985.079165208763,0.0014920834791237736,
2021-07-19 14:20:00,9985.079165208763,0.0014920834791237736,
2021-07-19 14:25:00,9985.079165208763,0.0014920834791237736,
2021-07-19 14:30:00,9985.079165208763,0.0014920834791237736,
2021-07-19 14:35:00,9985.079165208763,0.0014920834791237736,
2021-07-19 14:40:00,9985.079165208763,0.0014920834791237736,
2021-07-19 14:45:00,9985.079165208763,0.0014920834791237736,
2021-07-19 14:50:00,9985.079165208763,0.0014920834791237736,
2021-07-19 14:55:00,9985.079165208763,0.0014920834791237736,
2021-07-19 15:00:00,9985.079165208763,0.0014920834791237736,
2021-07-19 15:05:00,9985.079165208763,0.0014920834791237736,
2021-07-19 15:10:00,9985.079165208763,0.0014920834791237736,
2021-07-19 15:15:00,9985.079165208763,0.0014920834791237736,
2021-07-19 15:20:00,9985.079165208763,0.0014920834791237736,
2021-07-19 15:25:00,9985.079165208763,0.0014920834791237736,
2021-07-20 09:15:00,9985.079165208763,0.0014920834791237736,
2021-07-20 09:20:00,9985.079165208763,0.0014920834791237736,
2021-07-20 09:25:00,9985.079165208763,0.0014920834791237736,
2021-07-20 09:30:00,9985.079165208763,0.0014920834791237736,
2021-07-20 09:35:00,9985.079165208763,0.0014920834791237736,
2021-07-20 09:40:00,9985.079165208763,0.0014920834791237736,
2021-07-20 09:45:00,9985.079165208763,0.0014920834791237736,
2021-07-20 09:50:00,9985.079165208763,0.0014920834791237736,
2021-07-20 09:55:00,9985.079165208763,0.0014920834791237736,
2021-07-20 10:00:00,9985.079165208763,0.0014920834791237736,
2021-07-20 10:05:00,9985.079165208763,0.0014920834791237736,
2021-07-20 10:10:00,9985.079165208763,0.0014920834791237736,
2021-07-20 10:15:00,9985.079165208763,0.0014920834791237736,
2021-07-20 10:20:00,9985.079165208763,0.0014920834791237736,
2021-07-20 10:25:00,9985.079165208763,0.0014920834791237736,
2021-07-20 10:30:00,9985.079165208763,0.0014920834791237736,
2021-07-20 10:35:00,9985.079165208763,0.0014920834791237736,
2021-07-20 10:40:00,9985.079165208763,0.0014920834791237736,
2021-07-20 10:45:00,9985.079165208763,0.0014920834791237736,
2021-07-20 10:50:00,9985.079165208763,0.0014920834791237736,
2021-07-20 10:55:00,9985.079165208763,0.0014920834791237736,
2021-07-20 11:00:00,9985.079165208763,0.0014920834791237736,
2021-07-20 11:05:00,9985.079165208763,0.0014920834791237736,
2021-07-20 11:10:00,9985.079165208763,0.0014920834791237736,
2021-07-20 11:15:00,9985.079165208763,0.0014920834791237736,
2021-07-20 11:20:00,9985.079165208763,0.0014920834791237736,
2021-07-20 11:25:00,9985.079165208763,0.0014920834791237736,
2021-07-20 11:30:00,9985.079165208763,0.0014920834791237736,
2021-07-20 11:35:00,9985.079165208763,0.0014920834791237736,
2021-07-20 11:40:00,9985.079165208763,0.0014920834791237736,
2021-07-20 11:45:00,9985.079165208763,0.0014920834791237736,
2021-07-20 11:50:00,9985.079165208763,0.0014920834791237736,
2021-07-20 11:55:00,9985.079165208763,0.0014920834791237736,
2021-07-20 12:00:00,9985.079165208763,0.0014920834791237736,
2021-07-20 12:05:00,9985.079165208763,0.0014920834791237736,
2021-07-20 12:10:00,9985.079165208763,0.0014920834791237736,
2021-07-20 12:15:00,9985.079165208763,0.0014920834791237736,
2021-07-20 12:20:00,9985.079165208763,0.0014920834791237736,
2021-07-20 12:25:00,9985.079165208763,0.0014920834791237736,
2021-07-20 12:30:00,9985.079165208763,0.0014920834791237736,
2021-07-20 12:35:00,9985.079165208763,0.0014920834791237736,
2021-07-20 12:40:00,9985.079165208763,0.0014920834791237736,
2021-07-20 12:45:00,9985.079165208763,0.0014920834791237736,
2021-07-20 12:50:00,9985.079165208763,0.0014920834791237736,
2021-07-20 12:55:00,9985.079165208763,0.0014920834791237736,
2021-07-20 13:00:00,9985.079165208763,0.0014920834791237736,
2021-07-20 13:05:00,9985.079165208763,0.0014920834791237736,
2021-07-20 13:10:00,9985.079165208763,0.0014920834791237736,
2021-07-20 13:15:00,9985.079165208763,0.0014920834791237736,
2021-07-20 13:20:00,9985.079165208763,0.0014920834791237736,
2021-07-20 13:25:00,9985.079165208763,0.0014920834791237736,
2021-07-20 13:30:00,9985.079165208763,0.0014920834791237736,
2021-07-20 13:35:00,9985.079165208763,0.0014920834791237736,
2021-07-20 13:40:00,9985.079165208763,0.0014920834791237736,
2021-07-20 13:45:00,9985.079165208763,0.0014920834791237736,
2021-07-20 13:50:00,9985.079165208763,0.0014920834791237736,
2021-07-20 13:55:00,9985.079165208763,0.0014920834791237736,
2021-07-20 14:00:00,9985.079165208763,0.0014920834791237736,
2021-07-20 14:05:00,9985.079165208763,0.0014920834791237736,
2021-07-20 14:10:00,9985.079165208763,0.0014920834791237736,
2021-07-20 14:15:00,9985.079165208763,0.0014920834791237736,
2021-07-20 14:20:00,9985.079165208763,0.0014920834791237736,
2021-07-20 14:25:00,9985.079165208763,0.0014920834791237736,
2021-07-20 14:30:00,9985.079165208763,0.0014920834791237736,
2021-07-20 14:35:00,9985.079165208763,0.0014920834791237736,
2021-07-20 14:40:00,9985.079165208763,0.0014920834791237736,
2021-07-20 14:45:00,9985.079165208763,0.0014920834791237736,
2021-07-20 14:50:00,9985.079165208763,0.0014920834791237736,
2021-07-20 14:55:00,9985.079165208763,0.0014920834791237736,
2021-07-20 15:00:00,9985.079165208763,0.0014920834791237736,
2021-07-20 15:05:00,9985.079165208763,0.0014920834791237736,
2021-07-20 15:10:00,9985.079165208763,0.0014920834791237736,
2021-07-20 15:15:00,9985.079165208763,0.0014920834791237736,
2021-07-20 15:20:00,9985.079165208763,0.0014920834791237736,
2021-07-20 15:25:00,9985.079165208763,0.0014920834791237736,
2021-07-22 09:15:00,9985.079165208763,0.0014920834791237736,
2021-07-22 09:20:00,9985.079165208763,0.0014920834791237736,
2021-07-22 09:25:00,9985.079165208763,0.0014920834791237736,
2021-07-22 09:30:00,9985.079165208763,0.0014920834791237736,
2021-07-22 09:35:00,9985.079165208763,0.0014920834791237736,
2021-07-22 09:40:00,9985.079165208763,0.0014920834791237736,
2021-07-22 09:45:00,9985.079165208763,0.0014920834791237736,
2021-07-22 09:50:00,9985.079165208763,0.0014920834791237736,
2021-07-22 09:55:00,9985.079165208763,0.0014920834791237736,
2021-07-22 10:00:00,9985.079165208763,0.0014920834791237736,
2021-07-22 10:05:00,9985.079165208763,0.0014920834791237736,
2021-07-22 10:10:00,9985.079165208763,0.0014920834791237736,
2021-07-22 10:15:00,9985.079165208763,0.0014920834791237736,
2021-07-22 10:20:00,9985.079165208763,0.0014920834791237736,
2021-07-22 10:25:00,9985.079165208763,0.0014920834791237736,
2021-07-22 10:30:00,9985.079165208763,0.0014920834791237736,
2021-07-22 10:35:00,9985.079165208763,0.0014920834791237736,
2021-07-22 10:40:00,9985.079165208763,0.0014920834791237736,
2021-07-22 10:45:00,9985.079165208763,0.0014920834791237736,
2021-07-22 10:50:00,9985.079165208763,0.0014920834791237736,
2021-07-22 10:55:00,9985.079165208763,0.0014920834791237736,
2021-07-22 11:00:00,9985.079165208763,0.0014920834791237736,
2021-07-22 11:05:00,9985.079165208763,0.0014920834791237736,
2021-07-22 11:10:00,9985.079165208763,0.0014920834791237736,
2021-07-22 11:15:00,9985.079165208763,0.0014920834791237736,
2021-07-22 11:20:00,9985.079165208763,0.0014920834791237736,
2021-07-22 11:25:00,9985.079165208763,0.0014920834791237736,
2021-07-22 11:30:00,9985.079165208763,0.0014920834791237736,
2021-07-22 11:35:00,9985.079165208763,0.0014920834791237736,
2021-07-22 11:40:00,9985.079165208763,0.0014920834791237736,
2021-07-22 11:45:00,9985.079165208763,0.0014920834791237736,
2021-07-22 11:50:00,9985.079165208763,0.0014920834791237736,
2021-07-22 11:55:00,9985.079165208763,0.0014920834791237736,
2021-07-22 12:00:00,9985.079165208763,0.0014920834791237736,
2021-07-22 12:05:00,9985.079165208763,0.0014920834791237736,
2021-07-22 12:10:00,9985.079165208763,0.0014920834791237736,
2021-07-22 12:15:00,9985.079165208763,0.0014920834791237736,
2021-07-22 12:20:00,9985.079165208763,0.0014920834791237736,
2021-07-22 12:25:00,9985.079165208763,0.0014920834791237736,
2021-07-22 12:30:00,9985.079165208763,0.0014920834791237736,
2021-07-22 12:35:00,9985.079165208763,0.0014920834791237736,
2021-07-22 12:40:00,9985.079165208763,0.0014920834791237736,
2021-07-22 12:45:00,9985.079165208763,0.0014920834791237736,
2021-07-22 12:50:00,9985.079165208763,0.0014920834791237736,
2021-07-22 12:55:00,9985.079165208763,0.0014920834791237736,
2021-07-22 13:00:00,9985.079165208763,0.0014920834791237736,
2021-07-22 13:05:00,9985.079165208763,0.0014920834791237736,
2021-07-22 13:10:00,9985.079165208763,0.0014920834791237736,
2021-07-22 13:15:00,9985.079165208763,0.0014920834791237736,
2021-07-22 13:20:00,9985.079165208763,0.0014920834791237736,
2021-07-22 13:25:00,9985.079165208763,0.0014920834791237736,
2021-07-22 13:30:00,9985.079165208763,0.0014920834791237736,
2021-07-22 13:35:00,9985.079165208763,0.0014920834791237736,
2021-07-22 13:40:00,9985.079165208763,0.0014920834791237736,
2021-07-22 13:45:00,9985.079165208763,0.0014920834791237736,
2021-07-22 13:50:00,9985.079165208763,0.0014920834791237736,
2021-07-22 13:55:00,9985.079165208763,0.0014920834791237736,
2021-07-22 14:00:00,9985.079165208763,0.0014920834791237736,
2021-07-22 14:05:00,9985.079165208763,0.0014920834791237736,
2021-07-22 14:10:00,9985.079165208763,0.0014920834791237736,
2021-07-22 14:15:00,9985.079165208763,0.0014920834791237736,
2021-07-22 14:20:00,9985.079165208763,0.0014920834791237736,
2021-07-22 14:25:00,9985.079165208763,0.0014920834791237736,
2021-07-22 14:30:00,9985.079165208763,0.0014920834791237736,
2021-07-22 14:35:00,9985.079165208763,0.0014920834791237736,
2021-07-22 14:40:00,9985.079165208763,0.0014920834791237736,
2021-07-22 14:45:00,9985.079165208763,0.0014920834791237736,
2021-07-22 14:50:00,9985.079165208763,0.0014920834791237736,
2021-07-22 14:55:00,9985.079165208763,0.0014920834791237736,
2021-07-22 15:00:00,9985.079165208763,0.0014920834791237736,
2021-07-22 15:05:00,9985.079165208763,0.0014920834791237736,
2021-07-22 15:10:00,9985.079165208763,0.0014920834791237736,
2021-07-22 15:15:00,9985.079165208763,0.0014920834791237736,
2021-07-22 15:20:00,9985.079165208763,0.0014920834791237736,
2021-07-22 15:25:00,9985.079165208763,0.0014920834791237736,
2021-07-23 09:15:00,9985.079165208763,0.0014920834791237736,
2021-07-23 09:20:00,9985.079165208763,0.0014920834791237736,
2021-07-23 09:25:00,9985.079165208763,0.0014920834791237736,
2021-07-23 09:30:00,9985.079165208763,0.0014920834791237736,
2021-07-23 09:35:00,9985.079165208763,0.0014920834791237736,
2021-07-23 09:40:00,9985.079165208763,0.0014920834791237736,
2021-07-23 09:45:00,9985.079165208763,0.0014920834791237736,
2021-07-23 09:50:00,9985.079165208763,0.0014920834791237736,
2021-07-23 09:55:00,9985.079165208763,0.0014920834791237736,
2021-07-23 10:00:00,9985.079165208763,0.0014920834791237736,
2021-07-23 10:05:00,9985.079165208763,0.0014920834791237736,
2021-07-23 10:10:00,9985.079165208763,0.0014920834791237736,
2021-07-23 10:15:00,9985.079165208763,0.0014920834791237736,
2021-07-23 10:20:00,9985.079165208763,0.0014920834791237736,
2021-07-23 10:25:00,9985.079165208763,0.0014920834791237736,
2021-07-23 10:30:00,9985.079165208763,0.0014920834791237736,
2021-07-23 10:35:00,9985.079165208763,0.0014920834791237736,
2021-07-23 10:40:00,9985.079165208763,0.0014920834791237736,
2021-07-23 10:45:00,9985.079165208763,0.0014920834791237736,
2021-07-23 10:50:00,9985.079165208763,0.0014920834791237736,
2021-07-23 10:55:00,9985.079165208763,0.0014920834791237736,
2021-07-23 11:00:00,9985.079165208763,0.0014920834791237736,
2021-07-23 11:05:00,9985.079165208763,0.0014920834791237736,
2021-07-23 11:10:00,9985.079165208763,0.0014920834791237736,
2021-07-23 11:15:00,9985.079165208763,0.0014920834791237736,
2021-07-23 11:20:00,9985.079165208763,0.0014920834791237736,
2021-07-23 11:25:00,9985.079165208763,0.0014920834791237736,
2021-07-23 11:30:00,9985.079165208763,0.0014920834791237736,
2021-07-23 11:35:00,9985.079165208763,0.0014920834791237736,
2021-07-23 11:40:00,9985.079165208763,0.0014920834791237736,
2021-07-23 11:45:00,9985.079165208763,0.0014920834791237736,
2021-07-23 11:50:00,9985.079165208763,0.0014920834791237736,
2021-07-23 11:55:00,9985.079165208763,0.0014920834791237736,
2021-07-23 12:00:00,9985.079165208763,0.0014920834791237736,
2021-07-23 12:05:00,9985.079165208763,0.0014920834791237736,
2021-07-23 12:10:00,9985.079165208763,0.0014920834791237736,
2021-07-23 12:15:00,9985.079165208763,0.0014920834791237736,
2021-07-23 12:20:00,9985.079165208763,0.0014920834791237736,
2021-07-23 12:25:00,9985.079165208763,0.0014920834791237736,
2021-07-23 12:30:00,9985.079165208763,0.0014920834791237736,
2021-07-23 12:35:00,9985.079165208763,0.0014920834791237736,
2021-07-23 12:40:00,9985.079165208763,0.0014920834791237736,
2021-07-23 12:45:00,9985.079165208763,0.0014920834791237736,
2021-07-23 12:50:00,9985.079165208763,0.0014920834791237736,
2021-07-23 12:55:00,9985.079165208763,0.0014920834791237736,
2021-07-23 13:00:00,9985.079165208763,0.0014920834791237736,
2021-07-23 13:05:00,9985.079165208763,0.0014920834791237736,
2021-07-23 13:10:00,9985.079165208763,0.0014920834791237736,
2021-07-23 13:15:00,9985.079165208763,0.0014920834791237736,
2021-07-23 13:20:00,9985.079165208763,0.0014920834791237736,
2021-07-23 13:25:00,9985.079165208763,0.0014920834791237736,
2021-07-23 13:30:00,9985.079165208763,0.0014920834791237736,
2021-07-23 13:35:00,9985.079165208763,0.0014920834791237736,
2021-07-23 13:40:00,9985.079165208763,0.0014920834791237736,
2021-07-23 13:45:00,9985.079165208763,0.0014920834791237736,
2021-07-23 13:50:00,9985.079165208763,0.0014920834791237736,
2021-07-23 13:55:00,9985.079165208763,0.0014920834791237736,
2021-07-23 14:00:00,9985.079165208763,0.0014920834791237736,
2021-07-23 14:05:00,9985.079165208763,0.0014920834791237736,
2021-07-23 14:10:00,9985.079165208763,0.0014920834791237736,
2021-07-23 14:15:00,9985.079165208763,0.0014920834791237736,
2021-07-23 14:20:00,9985.079165208763,0.0014920834791237736,
2021-07-23 14:25:00,9985.079165208763,0.0014920834791237736,
2021-07-23 14:30:00,9985.079165208763,0.0014920834791237736,
2021-07-23 14:35:00,9985.079165208763,0.0014920834791237736,
2021-07-23 14:40:00,9985.079165208763,0.0014920834791237736,
2021-07-23 14:45:00,9985.079165208763,0.0014920834791237736,
2021-07-23 14:50:00,9985.079165208763,0.0014920834791237736,
2021-07-23 14:55:00,9985.079165208763,0.0014920834791237736,
2021-07-23 15:00:00,9985.079165208763,0.0014920834791237736,
2021-07-23 15:05:00,9985.079165208763,0.0014920834791237736,
2021-07-23 15:10:00,9985.079165208763,0.0014920834791237736,
2021-07-23 15:15:00,9985.079165208763,0.0014920834791237736,
2021-07-23 15:20:00,9985.079165208763,0.0014920834791237736,
2021-07-23 15:25:00,9985.079165208763,0.0014920834791237736,
2021-07-26 09:15:00,9985.079165208763,0.0014920834791237736,
2021-07-26 09:20:00,9985.079165208763,0.0014920834791237736,
2021-07-26 09:25:00,9985.079165208763,0.0014920834791237736,
2021-07-26 09:30:00,9985.079165208763,0.0014920834791237736,
2021-07-26 09:35:00,9985.079165208763,0.0014920834791237736,
2021-07-26 09:40:00,9985.079165208763,0.0014920834791237736,
2021-07-26 09:45:00,9985.079165208763,0.0014920834791237736,
2021-07-26 09:50:00,9985.079165208763,0.0014920834791237736,
2021-07-26 09:55:00,9985.079165208763,0.0014920834791237736,
2021-07-26 10:00:00,9985.079165208763,0.0014920834791237736,
2021-07-26 10:05:00,9985.079165208763,0.0014920834791237736,
2021-07-26 10:10:00,9985.079165208763,0.0014920834791237736,
2021-07-26 10:15:00,9985.079165208763,0.0014920834791237736,
2021-07-26 10:20:00,9985.079165208763,0.0014920834791237736,
2021-07-26 10:25:00,9985.079165208763,0.0014920834791237736,
2021-07-26 10:30:00,9985.079165208763,0.0014920834791237736,
2021-07-26 10:35:00,9985.079165208763,0.0014920834791237736,
2021-07-26 10:40:00,9985.079165208763,0.0014920834791237736,
2021-07-26 10:45:00,9985.079165208763,0.0014920834791237736,
2021-07-26 10:50:00,9985.079165208763,0.0014920834791237736,
2021-07-26 10:55:00,9985.079165208763,0.0014920834791237736,
2021-07-26 11:00:00,9985.079165208763,0.0014920834791237736,
2021-07-26 11:05:00,9985.079165208763,0.0014920834791237736,
2021-07-26 11:10:00,9985.079165208763,0.0014920834791237736,
2021-07-26 11:15:00,9985.079165208763,0.0014920834791237736,
2021-07-26 11:20:00,9985.079165208763,0.0014920834791237736,
2021-07-26 11:25:00,9985.079165208763,0.0014920834791237736,
2021-07-26 11:30:00,9985.079165208763,0.0014920834791237736,
2021-07-26 11:35:00,9985.079165208763,0.0014920834791237736,
2021-07-26 11:40:00,9985.079165208763,0.0014920834791237736,
2021-07-26 11:45:00,9985.079165208763,0.0014920834791237736,
2021-07-26 11:50:00,9985.079165208763,0.0014920834791237736,
2021-07-26 11:55:00,9985.079165208763,0.0014920834791237736,
2021-07-26 12:00:00,9985.079165208763,0.0014920834791237736,
2021-07-26 12:05:00,9985.079165208763,0.0014920834791237736,
2021-07-26 12:10:00,9985.079165208763,0.0014920834791237736,
2021-07-26 12:15:00,9985.079165208763,0.0014920834791237736,
2021-07-26 12:20:00,9985.079165208763,0.0014920834791237736,
2021-07-26 12:25:00,9985.079165208763,0.0014920834791237736,
2021-07-26 12:30:00,9985.079165208763,0.0014920834791237736,
2021-07-26 12:35:00,9985.079165208763,0.0014920834791237736,
2021-07-26 12:40:00,9985.079165208763,0.0014920834791237736,
2021-07-26 12:45:00,9985.079165208763,0.0014920834791237736,
2021-07-26 12:50:00,9985.079165208763,0.0014920834791237736,
2021-07-26 12:55:00,9985.079165208763,0.0014920834791237736,
2021-07-26 13:00:00,9985.079165208763,0.0014920834791237736,
2021-07-26 13:05:00,9985.079165208763,0.0014920834791237736,
2021-07-26 13:10:00,9985.079165208763,0.0014920834791237736,
2021-07-26 13:15:00,9985.079165208763,0.0014920834791237736,
2021-07-26 13:20:00,9985.079165208763,0.0014920834791237736,
2021-07-26 13:25:00,9985.079165208763,0.0014920834791237736,
2021-07-26 13:30:00,9985.079165208763,0.0014920834791237736,
2021-07-26 13:35:00,9985.079165208763,0.0014920834791237736,
2021-07-26 13:40:00,9985.079165208763,0.0014920834791237736,
2021-07-26 13:45:00,9985.079165208763,0.0014920834791237736,
2021-07-26 13:50:00,9985.079165208763,0.0014920834791237736,
2021-07-26 13:55:00,9985.079165208763,0.0014920834791237736,
2021-07-26 14:00:00,9985.079165208763,0.0014920834791237736,
2021-07-26 14:05:00,9985.079165208763,0.0014920834791237736,
2021-07-26 14:10:00,9985.079165208763,0.0014920834791237736,
2021-07-26 14:15:00,9985.079165208763,0.0014920834791237736,
2021-07-26 14:20:00,9985.079165208763,0.0014920834791237736,
2021-07-26 14:25:00,9985.079165208763,0.0014920834791237736,
2021-07-26 14:30:00,9985.079165208763,0.0014920834791237736,
2021-07-26 14:35:00,9985.079165208763,0.0014920834791237736,
2021-07-26 14:40:00,9985.079165208763,0.0014920834791237736,
2021-07-26 14:45:00,9985.079165208763,0.0014920834791237736,
2021-07-26 14:50:00,9985.079165208763,0.0014920834791237736,
2021-07-26 14:55:00,9985.079165208763,0.0014920834791237736,
2021-07-26 15:00:00,9985.079165208763,0.0014920834791237736,
2021-07-26 15:05:00,9985.079165208763,0.0014920834791237736,
2021-07-26 15:10:00,9985.079165208763,0.0014920834791237736,
2021-07-26 15:15:00,9985.079165208763,0.0014920834791237736,
2021-07-26 15:20:00,9985.079165208763,0.0014920834791237736,
2021-07-26 15:25:00,9985.079165208763,0.0014920834791237736,
2021-07-27 09:15:00,9985.079165208763,0.0014920834791237736,
2021-07-27 09:20:00,9985.079165208763,0.0014920834791237736,
2021-07-27 09:25:00,9985.079165208763,0.0014920834791237736,
2021-07-27 09:30:00,9985.079165208763,0.0014920834791237736,
2021-07-27 09:35:00,9985.079165208763,0.0014920834791237736,
2021-07-27 09:40:00,9985.079165208763,0.0014920834791237736,
2021-07-27 09:45:00,9985.079165208763,0.0014920834791237736,
2021-07-27 09:50:00,9985.079165208763,0.0014920834791237736,
2021-07-27 09:55:00,9985.079165208763,0.0014920834791237736,
2021-07-27 10:00:00,9985.079165208763,0.0014920834791237736,
2021-07-27 10:05:00,9985.079165208763,0.0014920834791237736,
2021-07-27 10:10:00,9985.079165208763,0.0014920834791237736,
2021-07-27 10:15:00,9985.079165208763,0.0014920834791237736,
2021-07-27 10:20:00,9985.079165208763,0.0014920834791237736,
2021-07-27 10:25:00,9985.079165208763,0.0014920834791237736,
2021-07-27 10:30:00,9985.079165208763,0.0014920834791237736,
2021-07-27 10:35:00,9985.079165208763,0.0014920834791237736,
2021-07-27 10:40:00,9985.079165208763,0.0014920834791237736,
2021-07-27 10:45:00,9985.079165208763,0.0014920834791237736,
2021-07-27 10:50:00,9985.079165208763,0.0014920834791237736,
2021-07-27 10:55:00,9985.079165208763,0.0014920834791237736,
2021-07-27 11:00:00,9985.079165208763,0.0014920834791237736,
2021-07-27 11:05:00,9985.079165208763,0.0014920834791237736,
2021-07-27 11:10:00,9985.079165208763,0.0014920834791237736,
2021-07-27 11:15:00,9985.079165208763,0.0014920834791237736,
2021-07-27 11:20:00,9985.079165208763,0.0014920834791237736,
2021-07-27 11:25:00,9985.079165208763,0.0014920834791237736,
2021-07-27 11:30:00,9985.079165208763,0.0014920834791237736,
2021-07-27 11:35:00,9985.079165208763,0.0014920834791237736,
2021-07-27 11:40:00,9985.079165208763,0.0014920834791237736,
2021-07-27 11:45:00,9985.079165208763,0.0014920834791237736,
2021-07-27 11:50:00,9985.079165208763,0.0014920834791237736,
2021-07-27 11:55:00,9985.079165208763,0.0014920834791237736,
2021-07-27 12:00:00,9985.079165208763,0.0014920834791237736,
2021-07-27 12:05:00,9985.079165208763,0.0014920834791237736,
2021-07-27 12:10:00,9985.079165208763,0.0014920834791237736,
2021-07-27 12:15:00,9985.079165208763,0.0014920834791237736,
2021-07-27 12:20:00,9985.079165208763,0.0014920834791237736,
2021-07-27 12:25:00,9985.079165208763,0.0014920834791237736,
2021-07-27 12:30:00,9985.079165208763,0.0014920834791237736,
2021-07-27 12:35:00,9985.079165208763,0.0014920834791237736,
2021-07-27 12:40:00,9985.079165208763,0.0014920834791237736,
2021-07-27 12:45:00,9985.079165208763,0.0014920834791237736,
2021-07-27 12:50:00,9985.079165208763,0.0014920834791237736,
2021-07-27 12:55:00,9985.079165208763,0.0014920834791237736,
2021-07-27 13:00:00,9985.079165208763,0.0014920834791237736,
2021-07-27 13:05:00,9985.079165208763,0.0014920834791237736,
2021-07-27 13:10:00,9985.079165208763,0.0014920834791237736,
2021-07-27 13:15:00,9985.079165208763,0.0014920834791237736,
2021-07-27 13:20:00,9985.079165208763,0.0014920834791237736,
2021-07-27 13:25:00,9985.079165208763,0.0014920834791237736,
2021-07-27 13:30:00,9985.079165208763,0.0014920834791237736,
2021-07-27 13:35:00,9985.079165208763,0.0014920834791237736,
2021-07-27 13:40:00,9985.079165208763,0.0014920834791237736,
2021-07-27 13:45:00,9985.079165208763,0.0014920834791237736,
2021-07-27 13:50:00,9985.079165208763,0.0014920834791237736,
2021-07-27 13:55:00,9985.079165208763,0.0014920834791237736,
2021-07-27 14:00:00,9985.079165208763,0.0014920834791237736,
2021-07-27 14:05:00,9985.079165208763,0.0014920834791237736,
2021-07-27 14:10:00,9985.079165208763,0.0014920834791237736,
2021-07-27 14:15:00,9985.079165208763,0.0014920834791237736,
2021-07-27 14:20:00,9985.079165208763,0.0014920834791237736,
2021-07-27 14:25:00,9985.079165208763,0.0014920834791237736,
2021-07-27 14:30:00,9985.079165208763,0.0014920834791237736,
2021-07-27 14:35:00,9985.079165208763,0.0014920834791237736,
2021-07-27 14:40:00,9985.079165208763,0.0014920834791237736,
2021-07-27 14:45:00,9985.079165208763,0.0014920834791237736,
2021-07-27 14:50:00,9985.079165208763,0.0014920834791237736,
2021-07-27 14:55:00,9985.079165208763,0.0014920834791237736,
2021-07-27 15:00:00,9985.079165208763,0.0014920834791237736,
2021-07-27 15:05:00,9989.079165208763,0.0010920834791237066,
2021-07-27 15:10:00,9995.079165208763,0.0004920834791237727,
2021-07-27 15:15:00,9999.079165208763,9.208347912370574e-05,
2021-07-27 15:20:00,9993.079165208763,0.0006920834791237507,
2021-07-27 15:25:00,9993.079165208763,0.0006920834791237507,
2021-07-28 09:15:00,9993.079165208763,0.0006920834791237507,
2021-07-28 09:20:00,9993.079165208763,0.0006920834791237507,
2021-07-28 09:25:00,9993.079165208763,0.0006920834791237507,
2021-07-28 09:30:00,9993.079165208763,0.0006920834791237507,
2021-07-28 09:35:00,9993.079165208763,0.0006920834791237507,
2021-07-28 09:40:00,9993.079165208763,0.0006920834791237507,
2021-07-28 09:45:00,9993.079165208763,0.0006920834791237507,
2021-07-28 09:50:00,9993.079165208763,0.0006920834791237507,
2021-07-28 09:55:00,9993.079165208763,0.0006920834791237507,
2021-07-28 10:00:00,9993.079165208763,0.0006920834791237507,
2021-07-28 10:05:00,9993.079165208763,0.0006920834791237507,
2021-07-28 10:10:00,9993.079165208763,0.0006920834791237507,
2021-07-28 10:15:00,9993.079165208763,0.0006920834791237507,
2021-07-28 10:20:00,9993.079165208763,0.0006920834791237507,
2021-07-28 10:25:00,9993.079165208763,0.0006920834791237507,
2021-07-28 10:30:00,9993.079165208763,0.0006920834791237507,
2021-07-28 10:35:00,9993.079165208763,0.0006920834791237507,
2021-07-28 10:40:00,9993.079165208763,0.0006920834791237507,
2021-07-28 10:45:00,9993.079165208763,0.0006920834791237507,
2021-07-28 10:50:00,9993.079165208763,0.0006920834791237507,
2021-07-28 10:55:00,9993.079165208763,0.0006920834791237507,
2021-07-28 11:00:00,9993.079165208763,0.0006920834791237507,
2021-07-28 11:05:00,9993.079165208763,0.0006920834791237507,
2021-07-28 11:10:00,9993.079165208763,0.0006920834791237507,
2021-07-28 11:15:00,9993.079165208763,0.0006920834791237507,
2021-07-28 11:20:00,9993.079165208763,0.0006920834791237507,
2021-07-28 11:25:00,9993.079165208763,0.0006920834791237507,
2021-07-28 11:30:00,9993.079165208763,0.0006920834791237507,
2021-07-28 11:35:00,9993.079165208763,0.0006920834791237507,
2021-07-28 11:40:00,9993.079165208763,0.0006920834791237507,
2021-07-28 11:45:00,9993.079165208763,0.0006920834791237507,
2021-07-28 11:50:00,9993.079165208763,0.0006920834791237507,
2021-07-28 11:55:00,9993.079165208763,0.0006920834791237507,
2021-07-28 12:00:00,9993.079165208763,0.0006920834791237507,
2021-07-28 12:05:00,9993.079165208763,0.0006920834791237507,
2021-07-28 12:10:00,9993.079165208763,0.0006920834791237507,
2021-07-28 12:15:00,9993.079165208763,0.0006920834791237507,
2021-07-28 12:20:00,9993.079165208763,0.0006920834791237507,
2021-07-28 12:25:00,9993.079165208763,0.0006920834791237507,
2021-07-28 12:30:00,9993.079165208763,0.0006920834791237507,
2021-07-28 12:35:00,9993.079165208763,0.0006920834791237507,
2021-07-28 12:40:00,9993.079165208763,0.0006920834791237507,
2021-07-28 12:45:00,9993.079165208763,0.0006920834791237507,
2021-07-28 12:50:00,9993.079165208763,0.0006920834791237507,
2021-07-28 12:55:00,9993.079165208763,0.0006920834791237507,
2021-07-28 13:00:00,9993.079165208763,0.0006920834791237507,
2021-07-28 13:05:00,9993.079165208763,0.0006920834791237507,
2021-07-28 13:10:00,9993.079165208763,0.0006920834791237507,
2021-07-28 13:15:00,9993.079165208763,0.0006920834791237507,
2021-07-28 13:20:00,9993.079165208763,0.0006920834791237507,
2021-07-28 13:25:00,9993.079165208763,0.0006920834791237507,
2021-07-28 13:30:00,9993.079165208763,0.0006920834791237507,
2021-07-28 13:35:00,9993.079165208763,0.0006920834791237507,
2021-07-28 13:40:00,9993.079165208763,0.0006920834791237507,
2021-07-28 13:45:00,9993.079165208763,0.0006920834791237507,
2021-07-28 13:50:00,9993.079165208763,0.0006920834791237507,
2021-07-28 13:55:00,9993.079165208763,0.0006920834791237507,
2021-07-28 14:00:00,9993.079165208763,0.0006920834791237507,
2021-07-28 14:05:00,9993.079165208763,0.0006920834791237507,
2021-07-28 14:10:00,9993.079165208763,0.0006920834791237507,
2021-07-28 14:15:00,9993.079165208763,0.0006920834791237507,
2021-07-28 14:20:00,9993.079165208763,0.0006920834791237507,
2021-07-28 14:25:00,9993.079165208763,0.0006920834791237507,
2021-07-28 14:30:00,9993.079165208763,0.0006920834791237507,
2021-07-28 14:35:00,9993.079165208763,0.0006920834791237507,
2021-07-28 14:40:00,9993.079165208763,0.0006920834791237507,
2021-07-28 14:45:00,9993.079165208763,0.0006920834791237507,
2021-07-28 14:50:00,9993.079165208763,0.0006920834791237507,
2021-07-28 14:55:00,9993.079165208763,0.0006920834791237507,
2021-07-28 15:00:00,9993.079165208763,0.0006920834791237507,
2021-07-28 15:05:00,9993.079165208763,0.0006920834791237507,
2021-07-28 15:10:00,9993.079165208763,0.0006920834791237507,
2021-07-28 15:15:00,9993.079165208763,0.0006920834791237507,
2021-07-28 15:20:00,9993.079165208763,0.0006920834791237507,
2021-07-28 15:25:00,9993.079165208763,0.0006920834791237507,
2021-07-29 09:15:00,9993.079165208763,0.0006920834791237507,
2021-07-29 09:20:00,9993.079165208763,0.0006920834791237507,
2021-07-29 09:25:00,9993.079165208763,0.0006920834791237507,
2021-07-29 09:30:00,9993.079165208763,0.0006920834791237507,
2021-07-29 09:35:00,9993.079165208763,0.0006920834791237507,
2021-07-29 09:40:00,9993.079165208763,0.0006920834791237507,
2021-07-29 09:45:00,9993.079165208763,0.0006920834791237507,
2021-07-29 09:50:00,9993.079165208763,0.0006920834791237507,
2021-07-29 09:55:00,9993.079165208763,0.0006920834791237507,
2021-07-29 10:00:00,9993.079165208763,0.0006920834791237507,
2021-07-29 10:05:00,9993.079165208763,0.0006920834791237507,
2021-07-29 10:10:00,9993.079165208763,0.0006920834791237507,
2021-07-29 10:15:00,9993.079165208763,0.0006920834791237507,
2021-07-29 10:20:00,9993.079165208763,0.0006920834791237507,
2021-07-29 10:25:00,9993.079165208763,0.0006920834791237507,
2021-07-29 10:30:00,9993.079165208763,0.0006920834791237507,
2021-07-29 10:35:00,9993.079165208763,0.0006920834791237507,
2021-07-29 10:40:00,9993.079165208763,0.0006920834791237507,
2021-07-29 10:45:00,9993.079165208763,0.0006920834791237507,
2021-07-29 10:50:00,9993.079165208763,0.0006920834791237507,
2021-07-29 10:55:00,9993.079165208763,0.0006920834791237507,
2021-07-29 11:00:00,9993.079165208763,0.0006920834791237507,
2021-07-29 11:05:00,9993.079165208763,0.0006920834791237507,
2021-07-29 11:10:00,9993.079165208763,0.0006920834791237507,
2021-07-29 11:15:00,9993.079165208763,0.0006920834791237507,
2021-07-29 11:20:00,9993.079165208763,0.0006920834791237507,
2021-07-29 11:25:00,9993.079165208763,0.0006920834791237507,
2021-07-29 11:30:00,9993.079165208763,0.0006920834791237507,
2021-07-29 11:35:00,9993.079165208763,0.0006920834791237507,
2021-07-29 11:40:00,9993.079165208763,0.0006920834791237507,
2021-07-29 11:45:00,9993.079165208763,0.0006920834791237507,
2021-07-29 11:50:00,9993.079165208763,0.0006920834791237507,
2021-07-29 11:55:00,9993.079165208763,0.0006920834791237507,
2021-07-29 12:00:00,9993.079165208763,0.0006920834791237507,
2021-07-29 12:05:00,9993.079165208763,0.0006920834791237507,
2021-07-29 12:10:00,9993.079165208763,0.0006920834791237507,
2021-07-29 12:15:00,9993.079165208763,0.0006920834791237507,
2021-07-29 12:20:00,9993.079165208763,0.0006920834791237507,
2021-07-29 12:25:00,9993.079165208763,0.0006920834791237507,
2021-07-29 12:30:00,9993.079165208763,0.0006920834791237507,
2021-07-29 12:35:00,9993.079165208763,0.0006920834791237507,
2021-07-29 12:40:00,9993.079165208763,0.0006920834791237507,
2021-07-29 12:45:00,9993.079165208763,0.0006920834791237507,
2021-07-29 12:50:00,9993.079165208763,0.0006920834791237507,
2021-07-29 12:55:00,9993.079165208763,0.0006920834791237507,
2021-07-29 13:00:00,9993.079165208763,0.0006920834791237507,
2021-07-29 13:05:00,9993.079165208763,0.0006920834791237507,
2021-07-29 13:10:00,9993.079165208763,0.0006920834791237507,
2021-07-29 13:15:00,9993.079165208763,0.0006920834791237507,
2021-07-29 13:20:00,9993.079165208763,0.0006920834791237507,
2021-07-29 13:25:00,9993.079165208763,0.0006920834791237507,
2021-07-29 13:30:00,9993.079165208763,0.0006920834791237507,
2021-07-29 13:35:00,9993.079165208763,0.0006920834791237507,
2021-07-29 13:40:00,9993.079165208763,0.0006920834791237507,
2021-07-29 13:45:00,9993.079165208763,0.0006920834791237507,
2021-07-29 13:50:00,9993.079165208763,0.0006920834791237507,
2021-07-29 13:55:00,9993.079165208763,0.0006920834791237507,
2021-07-29 14:00:00,9993.079165208763,0.0006920834791237507,
2021-07-29 14:05:00,9993.079165208763,0.0006920834791237507,
2021-07-29 14:10:00,9993.079165208763,0.0006920834791237507,
2021-07-29 14:15:00,9993.079165208763,0.0006920834791237507,
2021-07-29 14:20:00,9993.079165208763,0.0006920834791237507,
2021-07-29 14:25:00,9993.079165208763,0.0006920834791237507,
2021-07-29 14:30:00,9993.079165208763,0.0006920834791237507,
2021-07-29 14:35:00,9993.079165208763,0.0006920834791237507,
2021-07-29 14:40:00,9993.079165208763,0.0006920834791237507,
2021-07-29 14:45:00,9993.079165208763,0.0006920834791237507,
2021-07-29 14:50:00,9993.079165208763,0.0006920834791237507,
2021-07-29 14:55:00,9993.079165208763,0.0006920834791237507,
2021-07-29 15:00:00,9993.079165208763,0.0006920834791237507,
2021-07-29 15:05:00,9993.079165208763,0.0006920834791237507,
2021-07-29 15:10:00,9993.079165208763,0.0006920834791237507,
2021-07-29 15:15:00,9993.079165208763,0.0006920834791237507,
2021-07-29 15:20:00,9993.079165208763,0.0006920834791237507,
2021-07-29 15:25:00,9993.079165208763,0.0006920834791237507,
2021-07-30 09:15:00,9993.079165208763,0.0006920834791237507,
2021-07-30 09:20:00,9993.079165208763,0.0006920834791237507,
2021-07-30 09:25:00,9993.079165208763,0.0006920834791237507,
2021-07-30 09:30:00,9993.079165208763,0.0006920834791237507,
2021-07-30 09:35:00,9993.079165208763,0.0006920834791237507,
2021-07-30 09:40:00,9993.079165208763,0.0006920834791237507,
2021-07-30 09:45:00,9993.079165208763,0.0006920834791237507,
2021-07-30 09:50:00,9993.079165208763,0.0006920834791237507,
2021-07-30 09:55:00,9993.079165208763,0.0006920834791237507,
2021-07-30 10:00:00,9993.079165208763,0.0006920834791237507,
2021-07-30 10:05:00,9993.079165208763,0.0006920834791237507,
2021-07-30 10:10:00,9993.079165208763,0.0006920834791237507,
2021-07-30 10:15:00,9993.079165208763,0.0006920834791237507,
2021-07-30 10:20:00,9993.079165208763,0.0006920834791237507,
2021-07-30 10:25:00,9993.079165208763,0.0006920834791237507,
2021-07-30 10:30:00,9993.079165208763,0.0006920834791237507,
2021-07-30 10:35:00,9993.079165208763,0.0006920834791237507,
2021-07-30 10:40:00,9993.079165208763,0.0006920834791237507,
2021-07-30 10:45:00,9993.079165208763,0.0006920834791237507,
2021-07-30 10:50:00,9993.079165208763,0.0006920834791237507,
2021-07-30 10:55:00,9993.079165208763,0.0006920834791237507,
2021-07-30 11:00:00,9993.079165208763,0.0006920834791237507,
2021-07-30 11:05:00,9993.079165208763,0.0006920834791237507,
2021-07-30 11:10:00,9993.079165208763,0.0006920834791237507,
2021-07-30 11:15:00,9993.079165208763,0.0006920834791237507,
2021-07-30 11:20:00,9993.079165208763,0.0006920834791237507,
2021-07-30 11:25:00,9993.079165208763,0.0006920834791237507,
2021-07-30 11:30:00,9993.079165208763,0.0006920834791237507,
2021-07-30 11:35:00,9993.079165208763,0.0006920834791237507,
2021-07-30 11:40:00,9993.079165208763,0.0006920834791237507,
2021-07-30 11:45:00,9993.079165208763,0.0006920834791237507,
2021-07-30 11:50:00,9993.079165208763,0.0006920834791237507,
2021-07-30 11:55:00,9993.079165208763,0.0006920834791237507,
2021-07-30 12:00:00,9993.079165208763,0.0006920834791237507,
2021-07-30 12:05:00,9993.079165208763,0.0006920834791237507,
2021-07-30 12:10:00,9993.079165208763,0.0006920834791237507,
2021-07-30 12:15:00,9993.079165208763,0.0006920834791237507,
2021-07-30 12:20:00,9993.079165208763,0.0006920834791237507,
2021-07-30 12:25:00,9993.079165208763,0.0006920834791237507,
2021-07-30 12:30:00,9993.079165208763,0.0006920834791237507,
2021-07-30 12:35:00,9993.079165208763,0.0006920834791237507,
2021-07-30 12:40:00,9993.079165208763,0.0006920834791237507,
2021-07-30 12:45:00,9993.079165208763,0.0006920834791237507,
2021-07-30 12:50:00,9993.079165208763,0.0006920834791237507,
2021-07-30 12:55:00,9993.079165208763,0.0006920834791237507,
2021-07-30 13:00:00,9993.079165208763,0.0006920834791237507,
2021-07-30 13:05:00,9993.079165208763,0.0006920834791237507,
2021-07-30 13:10:00,9993.079165208763,0.0006920834791237507,
2021-07-30 13:15:00,9993.079165208763,0.0006920834791237507,
2021-07-30 13:20:00,9993.079165208763,0.0006920834791237507,
2021-07-30 13:25:00,9993.079165208763,0.0006920834791237507,
2021-07-30 13:30:00,9993.079165208763,0.0006920834791237507,
2021-07-30 13:35:00,9993.079165208763,0.0006920834791237507,
2021-07-30 13:40:00,9993.079165208763,0.0006920834791237507,
2021-07-30 13:45:00,9993.079165208763,0.0006920834791237507,
2021-07-30 13:50:00,9993.079165208763,0.0006920834791237507,
2021-07-30 13:55:00,9993.079165208763,0.0006920834791237507,
2021-07-30 14:00:00,9993.079165208763,0.0006920834791237507,
2021-07-30 14:05:00,9993.079165208763,0.0006920834791237507,
2021-07-30 14:10:00,9993.079165208763,0.0006920834791237507,
2021-07-30 14:15:00,9993.079165208763,0.0006920834791237507,
2021-07-30 14:20:00,9993.079165208763,0.0006920834791237507,
2021-07-30 14:25:00,9993.079165208763,0.0006920834791237507,
2021-07-30 14:30:00,9993.079165208763,0.0006920834791237507,
2021-07-30 14:35:00,9993.079165208763,0.0006920834791237507,
2021-07-30 14:40:00,9993.079165208763,0.0006920834791237507,
2021-07-30 14:45:00,9993.079165208763,0.0006920834791237507,
2021-07-30 14:50:00,9993.079165208763,0.0006920834791237507,
2021-07-30 14:55:00,9993.079165208763,0.0006920834791237507,
2021-07-30 15:00:00,9993.079165208763,0.0006920834791237507,
2021-07-30 15:05:00,9993.079165208763,0.0006920834791237507,
2021-07-30 15:10:00,9993.079165208763,0.0006920834791237507,
2021-07-30 15:15:00,9993.079165208763,0.0006920834791237507,
2021-07-30 15:20:00,9993.079165208763,0.0006920834791237507,
2021-07-30 15:25:00,9993.079165208763,0.0006920834791237507,
2021-08-02 09:15:00,9993.079165208763,0.0006920834791237507,
2021-08-02 09:20:00,9993.079165208763,0.0006920834791237507,
2021-08-02 09:25:00,9993.079165208763,0.0006920834791237507,
2021-08-02 09:30:00,9993.079165208763,0.0006920834791237507,
2021-08-02 09:35:00,9993.079165208763,0.0006920834791237507,
2021-08-02 09:40:00,9993.079165208763,0.0006920834791237507,
2021-08-02 09:45:00,9993.079165208763,0.0006920834791237507,
2021-08-02 09:50:00,9993.079165208763,0.0006920834791237507,
2021-08-02 09:55:00,9993.079165208763,0.0006920834791237507,
2021-08-02 10:00:00,9993.079165208763,0.0006920834791237507,
2021-08-02 10:05:00,9993.079165208763,0.0006920834791237507,
2021-08-02 10:10:00,9993.079165208763,0.0006920834791237507,
2021-08-02 10:15:00,9993.079165208763,0.0006920834791237507,
2021-08-02 10:20:00,9993.079165208763,0.0006920834791237507,
2021-08-02 10:25:00,9993.079165208763,0.0006920834791237507,
2021-08-02 10:30:00,9993.079165208763,0.0006920834791237507,
2021-08-02 10:35:00,9993.079165208763,0.0006920834791237507,
2021-08-02 10:40:00,9993.079165208763,0.0006920834791237507,
2021-08-02 10:45:00,9993.079165208763,0.0006920834791237507,
2021-08-02 10:50:00,9993.079165208763,0.0006920834791237507,
2021-08-02 10:55:00,9993.079165208763,0.0006920834791237507,
2021-08-02 11:00:00,9993.079165208763,0.0006920834791237507,
2021-08-02 11:05:00,9993.079165208763,0.0006920834791237507,
2021-08-02 11:10:00,9993.079165208763,0.0006920834791237507,
2021-08-02 11:15:00,9993.079165208763,0.0006920834791237507,
2021-08-02 11:20:00,9993.079165208763,0.0006920834791237507,
2021-08-02 11:25:00,9993.079165208763,0.0006920834791237507,
2021-08-02 11:30:00,9993.079165208763,0.0006920834791237507,
2021-08-02 11:35:00,9993.079165208763,0.0006920834791237507,
2021-08-02 11:40:00,9993.079165208763,0.0006920834791237507,
2021-08-02 11:45:00,9993.079165208763,0.0006920834791237507,
2021-08-02 11:50:00,9993.079165208763,0.0006920834791237507,
2021-08-02 11:55:00,9993.079165208763,0.0006920834791237507,
2021-08-02 12:00:00,9993.079165208763,0.0006920834791237507,
2021-08-02 12:05:00,9993.079165208763,0.0006920834791237507,
2021-08-02 12:10:00,9993.079165208763,0.0006920834791237507,
2021-08-02 12:15:00,9993.079165208763,0.0006920834791237507,
2021-08-02 12:20:00,9993.079165208763,0.0006920834791237507,
2021-08-02 12:25:00,9993.079165208763,0.0006920834791237507,
2021-08-02 12:30:00,9993.079165208763,0.0006920834791237507,
2021-08-02 12:35:00,9993.079165208763,0.0006920834791237507,
2021-08-02 12:40:00,9993.079165208763,0.0006920834791237507,
2021-08-02 12:45:00,9993.079165208763,0.0006920834791237507,
2021-08-02 12:50:00,9993.079165208763,0.0006920834791237507,
2021-08-02 12:55:00,9993.079165208763,0.0006920834791237507,
2021-08-02 13:00:00,9993.079165208763,0.0006920834791237507,
2021-08-02 13:05:00,9993.079165208763,0.0006920834791237507,
2021-08-02 13:10:00,9993.079165208763,0.0006920834791237507,
2021-08-02 13:15:00,9993.079165208763,0.0006920834791237507,
2021-08-02 13:20:00,9993.079165208763,0.0006920834791237507,
2021-08-02 13:25:00,9993.079165208763,0.0006920834791237507,
2021-08-02 13:30:00,9993.079165208763,0.0006920834791237507,
2021-08-02 13:35:00,9993.079165208763,0.0006920834791237507,
2021-08-02 13:40:00,9993.079165208763,0.0006920834791237507,
2021-08-02 13:45:00,9993.079165208763,0.0006920834791237507,
2021-08-02 13:50:00,9993.079165208763,0.0006920834791237507,
2021-08-02 13:55:00,9993.079165208763,0.0006920834791237507,
2021-08-02 14:00:00,9993.079165208763,0.0006920834791237507,
2021-08-02 14:05:00,9993.079165208763,0.0006920834791237507,
2021-08-02 14:10:00,9993.079165208763,0.0006920834791237507,
2021-08-02 14:15:00,9993.079165208763,0.0006920834791237507,
2021-08-02 14:20:00,9993.079165208763,0.0006920834791237507,
2021-08-02 14:25:00,9993.079165208763,0.0006920834791237507,
2021-08-02 14:30:00,9993.079165208763,0.0006920834791237507,
2021-08-02 14:35:00,9993.079165208763,0.0006920834791237507,
2021-08-02 14:40:00,9993.079165208763,0.0006920834791237507,
2021-08-02 14:45:00,9993.079165208763,0.0006920834791237507,
2021-08-02 14:50:00,9993.079165208763,0.0006920834791237507,
2021-08-02 14:55:00,9993.079165208763,0.0006920834791237507,
2021-08-02 15:00:00,9993.079165208763,0.0006920834791237507,
2021-08-02 15:05:00,9993.079165208763,0.0006920834791237507,
2021-08-02 15:10:00,9993.079165208763,0.0006920834791237507,
2021-08-02 15:15:00,9993.079165208763,0.0006920834791237507,
2021-08-02 15:20:00,9993.079165208763,0.0006920834791237507,
2021-08-02 15:25:00,9993.079165208763,0.0006920834791237507,
2021-08-03 09:15:00,9993.079165208763,0.0006920834791237507,
2021-08-03 09:20:00,9993.079165208763,0.0006920834791237507,
2021-08-03 09:25:00,9993.079165208763,0.0006920834791237507,
2021-08-03 09:30:00,9993.079165208763,0.0006920834791237507,
2021-08-03 09:35:00,9993.079165208763,0.0006920834791237507,
2021-08-03 09:40:00,9993.079165208763,0.0006920834791237507,
2021-08-03 09:45:00,9993.079165208763,0.0006920834791237507,
2021-08-03 09:50:00,9993.079165208763,0.0006920834791237507,
2021-08-03 09:55:00,9993.079165208763,0.0006920834791237507,
2021-08-03 10:00:00,9993.079165208763,0.0006920834791237507,
2021-08-03 10:05:00,9993.079165208763,0.0006920834791237507,
2021-08-03 10:10:00,9993.079165208763,0.0006920834791237507,
2021-08-03 10:15:00,9993.079165208763,0.0006920834791237507,
2021-08-03 10:20:00,9993.079165208763,0.0006920834791237507,
2021-08-03 10:25:00,9993.079165208763,0.0006920834791237507,
2021-08-03 10:30:00,9993.079165208763,0.0006920834791237507,
2021-08-03 10:35:00,9993.079165208763,0.0006920834791237507,
2021-08-03 10:40:00,9993.079165208763,0.0006920834791237507,
2021-08-03 10:45:00,9993.079165208763,0.0006920834791237507,
2021-08-03 10:50:00,9993.079165208763,0.0006920834791237507,
2021-08-03 10:55:00,9993.079165208763,0.0006920834791237507,
2021-08-03 11:00:00,9993.079165208763,0.0006920834791237507,
2021-08-03 11:05:00,9993.079165208763,0.0006920834791237507,
2021-08-03 11:10:00,9993.079165208763,0.0006920834791237507,
2021-08-03 11:15:00,9993.079165208763,0.0006920834791237507,
2021-08-03 11:20:00,9993.079165208763,0.0006920834791237507,
2021-08-03 11:25:00,9993.079165208763,0.0006920834791237507,
2021-08-03 11:30:00,9993.079165208763,0.0006920834791237507,
2021-08-03 11:35:00,9993.079165208763,0.0006920834791237507,
2021-08-03 11:40:00,9993.079165208763,0.0006920834791237507,
2021-08-03 11:45:00,9993.079165208763,0.0006920834791237507,
2021-08-03 11:50:00,9993.079165208763,0.0006920834791237507,
2021-08-03 11:55:00,9993.079165208763,0.0006920834791237507,
2021-08-03 12:00:00,9993.079165208763,0.0006920834791237507,
2021-08-03 12:05:00,9993.079165208763,0.0006920834791237507,
2021-08-03 12:10:00,9993.079165208763,0.0006920834791237507,
2021-08-03 12:15:00,9993.079165208763,0.0006920834791237507,
2021-08-03 12:20:00,9993.079165208763,0.0006920834791237507,
2021-08-03 12:25:00,9993.079165208763,0.0006920834791237507,
2021-08-03 12:30:00,9993.079165208763,0.0006920834791237507,
2021-08-03 12:35:00,9993.079165208763,0.0006920834791237507,
2021-08-03 12:40:00,9993.079165208763,0.0006920834791237507,
2021-08-03 12:45:00,9993.079165208763,0.0006920834791237507,
2021-08-03 12:50:00,9993.079165208763,0.0006920834791237507,
2021-08-03 12:55:00,9993.079165208763,0.0006920834791237507,
2021-08-03 13:00:00,9993.079165208763,0.0006920834791237507,
2021-08-03 13:05:00,9993.079165208763,0.0006920834791237507,
2021-08-03 13:10:00,9993.079165208763,0.0006920834791237507,
2021-08-03 13:15:00,9993.079165208763,0.0006920834791237507,
2021-08-03 13:20:00,9993.079165208763,0.0006920834791237507,
2021-08-03 13:25:00,9993.079165208763,0.0006920834791237507,
2021-08-03 13:30:00,9993.079165208763,0.0006920834791237507,
2021-08-03 13:35:00,9993.079165208763,0.0006920834791237507,
2021-08-03 13:40:00,9993.079165208763,0.0006920834791237507,
2021-08-03 13:45:00,9993.079165208763,0.0006920834791237507,
2021-08-03 13:50:00,9993.079165208763,0.0006920834791237507,
2021-08-03 13:55:00,9993.079165208763,0.0006920834791237507,
2021-08-03 14:00:00,9993.079165208763,0.0006920834791237507,
2021-08-03 14:05:00,9993.079165208763,0.0006920834791237507,
2021-08-03 14:10:00,9993.079165208763,0.0006920834791237507,
2021-08-03 14:15:00,9993.079165208763,0.0006920834791237507,
2021-08-03 14:20:00,9993.079165208763,0.0006920834791237507,
2021-08-03 14:25:00,9993.079165208763,0.0006920834791237507,
2021-08-03 14:30:00,9993.079165208763,0.0006920834791237507,
2021-08-03 14:35:00,9993.079165208763,0.0006920834791237507,
2021-08-03 14:40:00,9993.079165208763,0.0006920834791237507,
2021-08-03 14:45:00,9993.079165208763,0.0006920834791237507,
2021-08-03 14:50:00,9993.079165208763,0.0006920834791237507,
2021-08-03 14:55:00,9993.079165208763,0.0006920834791237507,
2021-08-03 15:00:00,9993.079165208763,0.0006920834791237507,
2021-08-03 15:05:00,9993.079165208763,0.0006920834791237507,
2021-08-03 15:10:00,9993.079165208763,0.0006920834791237507,
2021-08-03 15:15:00,9993.079165208763,0.0006920834791237507,
2021-08-03 15:20:00,9993.079165208763,0.0006920834791237507,
2021-08-03 15:25:00,9993.079165208763,0.0006920834791237507,28 days 06:10:00
